survived,pclass,sex,age,sibsp,parch,fare,embarked,who,deck,embark_town,alone,deck_recorded,age_was_missing,fare_is_zero,fare_log,family_size,is_alone,fare_per_person,age_group
0,3,male,22.0,1,0,7.25,S,man,Unknown,Southampton,False,0,0,0,2.1102132003465894,2,0,3.625,young_adult
1,1,female,38.0,1,0,71.2833,C,woman,C,Cherbourg,False,1,0,0,4.2805931204649,2,0,35.64165,adult
1,3,female,26.0,0,0,7.925,S,woman,Unknown,Southampton,True,0,0,0,2.188856327665703,1,1,7.925,young_adult
1,1,female,35.0,1,0,53.1,S,woman,C,Southampton,False,1,0,0,3.9908341858524357,2,0,26.55,young_adult
0,3,male,35.0,0,0,8.05,S,man,Unknown,Southampton,True,0,0,0,2.2027647577118348,1,1,8.05,young_adult
0,3,male,27.0,0,0,8.4583,Q,man,Unknown,Queenstown,True,0,1,0,2.246892662898172,1,1,8.4583,young_adult
0,1,male,54.0,0,0,51.8625,S,man,E,Southampton,True,1,0,0,3.967694202798607,1,1,51.8625,adult
0,3,male,2.0,3,1,21.075,S,child,Unknown,Southampton,False,0,0,0,3.0944457464900235,5,0,4.215,child
1,3,female,27.0,0,2,11.1333,S,woman,Unknown,Southampton,False,0,0,0,2.495953738718064,3,0,3.7111,young_adult
1,2,female,14.0,1,0,30.0708,C,child,Unknown,Cherbourg,False,0,0,0,3.436268471383741,2,0,15.0354,teen
1,3,female,4.0,1,1,16.7,S,child,G,Southampton,False,1,0,0,2.8735646395797834,3,0,5.566666666666666,child
1,1,female,58.0,0,0,26.55,S,woman,C,Southampton,True,1,0,0,3.3160025355989236,1,1,26.55,adult
0,3,male,20.0,0,0,8.05,S,man,Unknown,Southampton,True,0,0,0,2.2027647577118348,1,1,8.05,young_adult
0,3,male,39.0,1,5,31.275,S,man,Unknown,Southampton,False,0,0,0,3.4742929367327062,7,0,4.4678571428571425,adult
0,3,female,14.0,0,0,7.8542,S,child,Unknown,Southampton,True,0,0,0,2.180891922715322,1,1,7.8542,teen
1,2,female,55.0,0,0,16.0,S,woman,Unknown,Southampton,True,0,0,0,2.833213344056216,1,1,16.0,adult
0,3,male,2.0,4,1,29.125,Q,child,Unknown,Queenstown,False,0,0,0,3.405355391810819,6,0,4.854166666666667,child
1,2,male,31.0,0,0,13.0,S,man,Unknown,Southampton,True,0,1,0,2.6390573296152584,1,1,13.0,young_adult
0,3,female,31.0,1,0,18.0,S,woman,Unknown,Southampton,False,0,0,0,2.9444389791664403,2,0,9.0,young_adult
1,3,female,26.0,0,0,7.225,C,woman,Unknown,Cherbourg,True,0,1,0,2.1071782966514356,1,1,7.225,young_adult
0,2,male,35.0,0,0,26.0,S,man,Unknown,Southampton,True,0,0,0,3.295836866004329,1,1,26.0,young_adult
1,2,male,34.0,0,0,13.0,S,man,D,Southampton,True,1,0,0,2.6390573296152584,1,1,13.0,young_adult
1,3,female,15.0,0,0,8.0292,Q,child,Unknown,Queenstown,True,0,0,0,2.2004637699272855,1,1,8.0292,teen
1,1,male,28.0,0,0,35.5,S,man,A,Southampton,True,1,0,0,3.597312260588446,1,1,35.5,young_adult
0,3,female,8.0,3,1,21.075,S,child,Unknown,Southampton,False,0,0,0,3.0944457464900235,5,0,4.215,child
1,3,female,38.0,1,5,31.3875,S,woman,Unknown,Southampton,False,0,0,0,3.4777725458882283,7,0,4.483928571428572,adult
0,3,male,27.0,0,0,7.225,C,man,Unknown,Cherbourg,True,0,1,0,2.1071782966514356,1,1,7.225,young_adult
0,1,male,19.0,3,2,263.0,S,man,C,Southampton,False,1,0,0,5.575949103146316,6,0,43.833333333333336,young_adult
1,3,female,26.0,0,0,7.8792,Q,woman,Unknown,Queenstown,True,0,1,0,2.1837114628556327,1,1,7.8792,young_adult
0,3,male,27.0,0,0,7.8958,S,man,Unknown,Southampton,True,0,1,0,2.1855792552411137,1,1,7.8958,young_adult
0,1,male,40.0,0,0,27.7208,C,man,Unknown,Cherbourg,True,0,0,0,3.357621598945279,1,1,27.7208,adult
1,1,female,35.0,1,0,146.5208,C,woman,B,Cherbourg,False,1,1,0,4.993969182787072,2,0,73.2604,young_adult
1,3,female,26.0,0,0,7.75,Q,woman,Unknown,Queenstown,True,0,1,0,2.169053700369523,1,1,7.75,young_adult
0,2,male,66.0,0,0,10.5,S,man,Unknown,Southampton,True,0,0,0,2.4423470353692043,1,1,10.5,senior
0,1,male,28.0,1,0,82.1708,C,man,Unknown,Cherbourg,False,0,0,0,4.420896324687287,2,0,41.0854,young_adult
0,1,male,42.0,1,0,52.0,S,man,Unknown,Southampton,False,0,0,0,3.970291913552122,2,0,26.0,adult
1,3,male,27.0,0,0,7.2292,C,man,Unknown,Cherbourg,True,0,1,0,2.1076888046179385,1,1,7.2292,young_adult
0,3,male,21.0,0,0,8.05,S,man,Unknown,Southampton,True,0,0,0,2.2027647577118348,1,1,8.05,young_adult
0,3,female,18.0,2,0,18.0,S,woman,Unknown,Southampton,False,0,0,0,2.9444389791664403,3,0,6.0,teen
1,3,female,14.0,1,0,11.2417,C,child,Unknown,Cherbourg,False,0,0,0,2.5048481563289,2,0,5.62085,teen
0,3,female,40.0,1,0,9.475,S,woman,Unknown,Southampton,False,0,0,0,2.348991465808201,2,0,4.7375,adult
0,2,female,27.0,1,0,21.0,S,woman,Unknown,Southampton,False,0,0,0,3.091042453358316,2,0,10.5,young_adult
0,3,male,27.0,0,0,7.8958,C,man,Unknown,Cherbourg,True,0,1,0,2.1855792552411137,1,1,7.8958,young_adult
1,2,female,3.0,1,2,41.5792,C,child,Unknown,Cherbourg,False,0,0,0,3.7513658711253766,4,0,10.3948,child
1,3,female,19.0,0,0,7.8792,Q,woman,Unknown,Queenstown,True,0,0,0,2.1837114628556327,1,1,7.8792,young_adult
0,3,male,27.0,0,0,8.05,S,man,Unknown,Southampton,True,0,1,0,2.2027647577118348,1,1,8.05,young_adult
0,3,male,27.0,1,0,15.5,Q,man,Unknown,Queenstown,False,0,1,0,2.803360380906535,2,0,7.75,young_adult
1,3,female,26.0,0,0,7.75,Q,woman,Unknown,Queenstown,True,0,1,0,2.169053700369523,1,1,7.75,young_adult
0,3,male,27.0,2,0,21.6792,C,man,Unknown,Cherbourg,False,0,1,0,3.1214482048688246,3,0,7.226400000000001,young_adult
0,3,female,18.0,1,0,17.8,S,woman,Unknown,Southampton,False,0,0,0,2.9338568698359038,2,0,8.9,teen
0,3,male,7.0,4,1,39.6875,S,child,Unknown,Southampton,False,0,0,0,3.705920919968788,6,0,6.614583333333333,child
0,3,male,21.0,0,0,7.8,S,man,Unknown,Southampton,True,0,0,0,2.174751721484161,1,1,7.8,young_adult
1,1,female,49.0,1,0,76.7292,C,woman,D,Cherbourg,False,1,0,0,4.353230991152628,2,0,38.3646,adult
1,2,female,29.0,1,0,26.0,S,woman,Unknown,Southampton,False,0,0,0,3.295836866004329,2,0,13.0,young_adult
0,1,male,65.0,0,1,61.9792,C,man,B,Cherbourg,False,1,0,0,4.142804513146981,2,0,30.9896,senior
1,1,male,42.0,0,0,35.5,S,man,C,Southampton,True,1,1,0,3.597312260588446,1,1,35.5,adult
1,2,female,21.0,0,0,10.5,S,woman,Unknown,Southampton,True,0,0,0,2.4423470353692043,1,1,10.5,young_adult
0,3,male,28.5,0,0,7.2292,C,man,Unknown,Cherbourg,True,0,0,0,2.1076888046179385,1,1,7.2292,young_adult
1,2,female,5.0,1,2,27.75,S,child,Unknown,Southampton,False,0,0,0,3.3586377672433594,4,0,6.9375,child
0,3,male,11.0,5,2,46.9,S,child,Unknown,Southampton,False,0,0,0,3.8691155044168695,8,0,5.8625,child
0,3,male,22.0,0,0,7.2292,C,man,Unknown,Cherbourg,True,0,0,0,2.1076888046179385,1,1,7.2292,young_adult
1,1,female,38.0,0,0,80.0,S,woman,B,Southampton,True,1,0,0,4.394449154672439,1,1,80.0,adult
0,1,male,45.0,1,0,83.475,S,man,C,Southampton,False,1,0,0,4.436455632600354,2,0,41.7375,adult
0,3,male,4.0,3,2,27.9,S,child,Unknown,Southampton,False,0,0,0,3.3638415951183864,6,0,4.6499999999999995,child
0,1,male,42.0,0,0,27.7208,C,man,Unknown,Cherbourg,True,0,1,0,3.357621598945279,1,1,27.7208,adult
1,3,male,27.0,1,1,15.2458,C,man,Unknown,Cherbourg,False,0,1,0,2.7878344138303452,3,0,5.081933333333333,young_adult
1,2,female,29.0,0,0,10.5,S,woman,F,Southampton,True,1,0,0,2.4423470353692043,1,1,10.5,young_adult
0,3,male,19.0,0,0,8.1583,S,man,Unknown,Southampton,True,0,0,0,2.2146605719425225,1,1,8.1583,young_adult
1,3,female,17.0,4,2,7.925,S,woman,Unknown,Southampton,False,0,0,0,2.188856327665703,7,0,1.1321428571428571,teen
0,3,male,26.0,2,0,8.6625,S,man,Unknown,Southampton,False,0,0,0,2.2682524139135403,3,0,2.8874999999999997,young_adult
0,2,male,32.0,0,0,10.5,S,man,Unknown,Southampton,True,0,0,0,2.4423470353692043,1,1,10.5,young_adult
0,3,female,16.0,5,2,46.9,S,woman,Unknown,Southampton,False,0,0,0,3.8691155044168695,8,0,5.8625,teen
0,2,male,21.0,0,0,73.5,S,man,Unknown,Southampton,True,0,0,0,4.310799125385514,1,1,73.5,young_adult
0,3,male,26.0,1,0,14.4542,C,man,Unknown,Cherbourg,False,0,0,0,2.737880811060884,2,0,7.2271,young_adult
1,3,male,32.0,0,0,56.4958,S,man,Unknown,Southampton,True,0,0,0,4.05171190165724,1,1,56.4958,young_adult
0,3,male,25.0,0,0,7.65,S,man,F,Southampton,True,1,0,0,2.157559320943788,1,1,7.65,young_adult
0,3,male,27.0,0,0,7.8958,S,man,Unknown,Southampton,True,0,1,0,2.1855792552411137,1,1,7.8958,young_adult
0,3,male,27.0,0,0,8.05,S,man,Unknown,Southampton,True,0,1,0,2.2027647577118348,1,1,8.05,young_adult
1,2,male,0.83,0,2,29.0,S,child,Unknown,Southampton,False,0,0,0,3.4011973816621555,3,0,9.666666666666666,child
1,3,female,30.0,0,0,12.475,S,woman,Unknown,Southampton,True,0,0,0,2.600836116795061,1,1,12.475,young_adult
0,3,male,22.0,0,0,9.0,S,man,Unknown,Southampton,True,0,0,0,2.302585092994046,1,1,9.0,young_adult
1,3,male,29.0,0,0,9.5,S,man,Unknown,Southampton,True,0,0,0,2.3513752571634776,1,1,9.5,young_adult
1,3,female,26.0,0,0,7.7875,Q,woman,Unknown,Queenstown,True,0,1,0,2.1733302571367834,1,1,7.7875,young_adult
0,1,male,28.0,0,0,47.1,S,man,Unknown,Southampton,True,0,0,0,3.8732821771117156,1,1,47.1,young_adult
1,2,female,17.0,0,0,10.5,S,woman,Unknown,Southampton,True,0,0,0,2.4423470353692043,1,1,10.5,teen
1,3,female,33.0,3,0,15.85,S,woman,Unknown,Southampton,False,0,0,0,2.8243506567983707,4,0,3.9625,young_adult
0,3,male,16.0,1,3,34.375,S,man,Unknown,Southampton,False,0,0,0,3.5660053559634015,5,0,6.875,teen
0,3,male,27.0,0,0,8.05,S,man,Unknown,Southampton,True,0,1,0,2.2027647577118348,1,1,8.05,young_adult
1,1,female,23.0,3,2,263.0,S,woman,C,Southampton,False,1,0,0,5.575949103146316,6,0,43.833333333333336,young_adult
0,3,male,24.0,0,0,8.05,S,man,Unknown,Southampton,True,0,0,0,2.2027647577118348,1,1,8.05,young_adult
0,3,male,29.0,0,0,8.05,S,man,Unknown,Southampton,True,0,0,0,2.2027647577118348,1,1,8.05,young_adult
0,3,male,20.0,0,0,7.8542,S,man,Unknown,Southampton,True,0,0,0,2.180891922715322,1,1,7.8542,young_adult
0,1,male,46.0,1,0,61.175,S,man,E,Southampton,False,1,0,0,4.1299529896894684,2,0,30.5875,adult
0,3,male,26.0,1,2,20.575,S,man,Unknown,Southampton,False,0,0,0,3.0715352369694915,4,0,5.14375,young_adult
0,3,male,59.0,0,0,7.25,S,man,Unknown,Southampton,True,0,0,0,2.1102132003465894,1,1,7.25,adult
0,3,male,27.0,0,0,8.05,S,man,Unknown,Southampton,True,0,1,0,2.2027647577118348,1,1,8.05,young_adult
0,1,male,71.0,0,0,34.6542,C,man,A,Cherbourg,True,1,0,0,3.57386695198272,1,1,34.6542,senior
1,1,male,23.0,0,1,63.3583,C,man,D,Cherbourg,False,1,0,0,4.164465907853638,2,0,31.67915,young_adult
1,2,female,34.0,0,1,23.0,S,woman,Unknown,Southampton,False,0,0,0,3.1780538303479458,2,0,11.5,young_adult
0,2,male,34.0,1,0,26.0,S,man,Unknown,Southampton,False,0,0,0,3.295836866004329,2,0,13.0,young_adult
0,3,female,28.0,0,0,7.8958,S,woman,Unknown,Southampton,True,0,0,0,2.1855792552411137,1,1,7.8958,young_adult
0,3,male,27.0,0,0,7.8958,S,man,Unknown,Southampton,True,0,1,0,2.1855792552411137,1,1,7.8958,young_adult
0,1,male,21.0,0,1,77.2875,S,man,D,Southampton,False,1,0,0,4.360387947851531,2,0,38.64375,young_adult
0,3,male,33.0,0,0,8.6542,S,man,Unknown,Southampton,True,0,0,0,2.267393053825037,1,1,8.6542,young_adult
0,3,male,37.0,2,0,7.925,S,man,Unknown,Southampton,False,0,0,0,2.188856327665703,3,0,2.6416666666666666,adult
0,3,male,28.0,0,0,7.8958,S,man,Unknown,Southampton,True,0,0,0,2.1855792552411137,1,1,7.8958,young_adult
1,3,female,21.0,0,0,7.65,S,woman,Unknown,Southampton,True,0,0,0,2.157559320943788,1,1,7.65,young_adult
1,3,male,27.0,0,0,7.775,S,man,Unknown,Southampton,True,0,1,0,2.1719067693519296,1,1,7.775,young_adult
0,3,male,38.0,0,0,7.8958,S,man,Unknown,Southampton,True,0,0,0,2.1855792552411137,1,1,7.8958,adult
1,3,female,26.0,1,0,24.15,Q,woman,Unknown,Queenstown,False,0,1,0,3.224857896545748,2,0,12.075,young_adult
0,1,male,47.0,0,0,52.0,S,man,C,Southampton,True,1,0,0,3.970291913552122,1,1,52.0,adult
0,3,female,14.5,1,0,14.4542,C,child,Unknown,Cherbourg,False,0,0,0,2.737880811060884,2,0,7.2271,teen
0,3,male,22.0,0,0,8.05,S,man,Unknown,Southampton,True,0,0,0,2.2027647577118348,1,1,8.05,young_adult
0,3,female,20.0,1,0,9.825,S,woman,Unknown,Southampton,False,0,0,0,2.3818582738885534,2,0,4.9125,young_adult
0,3,female,17.0,0,0,14.4583,C,woman,Unknown,Cherbourg,True,0,0,0,2.738146075922933,1,1,14.4583,teen
0,3,male,21.0,0,0,7.925,S,man,Unknown,Southampton,True,0,0,0,2.188856327665703,1,1,7.925,young_adult
0,3,male,70.5,0,0,7.75,Q,man,Unknown,Queenstown,True,0,0,0,2.169053700369523,1,1,7.75,senior
0,2,male,29.0,1,0,21.0,S,man,Unknown,Southampton,False,0,0,0,3.091042453358316,2,0,10.5,young_adult
0,1,male,24.0,0,1,247.5208,C,man,B,Cherbourg,False,1,0,0,5.515526544247129,2,0,123.7604,young_adult
0,3,female,2.0,4,2,31.275,S,child,Unknown,Southampton,False,0,0,0,3.4742929367327062,7,0,4.4678571428571425,child
0,2,male,21.0,2,0,73.5,S,man,Unknown,Southampton,False,0,0,0,4.310799125385514,3,0,24.5,young_adult
0,3,male,27.0,0,0,8.05,S,man,Unknown,Southampton,True,0,1,0,2.2027647577118348,1,1,8.05,young_adult
0,2,male,32.5,1,0,30.0708,C,man,Unknown,Cherbourg,False,0,0,0,3.436268471383741,2,0,15.0354,young_adult
1,2,female,32.5,0,0,13.0,S,woman,E,Southampton,True,1,0,0,2.6390573296152584,1,1,13.0,young_adult
0,1,male,54.0,0,1,77.2875,S,man,D,Southampton,False,1,0,0,4.360387947851531,2,0,38.64375,adult
1,3,male,12.0,1,0,11.2417,C,child,Unknown,Cherbourg,False,0,0,0,2.5048481563289,2,0,5.62085,child
0,3,male,27.0,0,0,7.75,Q,man,Unknown,Queenstown,True,0,1,0,2.169053700369523,1,1,7.75,young_adult
1,3,male,24.0,0,0,7.1417,S,man,Unknown,Southampton,True,0,0,0,2.0969990034181696,1,1,7.1417,young_adult
1,3,female,26.0,1,1,22.3583,C,woman,F,Cherbourg,False,1,1,0,3.1509523813392697,3,0,7.452766666666666,young_adult
0,3,male,45.0,0,0,6.975,S,man,Unknown,Southampton,True,0,0,0,2.076311648670908,1,1,6.975,adult
0,3,male,33.0,0,0,7.8958,C,man,Unknown,Cherbourg,True,0,0,0,2.1855792552411137,1,1,7.8958,young_adult
0,3,male,20.0,0,0,7.05,S,man,Unknown,Southampton,True,0,0,0,2.085672091430472,1,1,7.05,young_adult
0,3,female,47.0,1,0,14.5,S,woman,Unknown,Southampton,False,0,0,0,2.740840023925201,2,0,7.25,adult
1,2,female,29.0,1,0,26.0,S,woman,Unknown,Southampton,False,0,0,0,3.295836866004329,2,0,13.0,young_adult
0,2,male,25.0,0,0,13.0,S,man,Unknown,Southampton,True,0,0,0,2.6390573296152584,1,1,13.0,young_adult
0,2,male,23.0,0,0,15.0458,C,man,Unknown,Cherbourg,True,0,0,0,2.775447133088262,1,1,15.0458,young_adult
1,1,female,19.0,0,2,26.2833,S,woman,D,Southampton,False,1,0,0,3.3062747934011893,3,0,8.7611,young_adult
0,1,male,37.0,1,0,53.1,S,man,C,Southampton,False,1,0,0,3.9908341858524357,2,0,26.55,adult
0,3,male,16.0,0,0,9.2167,S,man,Unknown,Southampton,True,0,0,0,2.3240236363515288,1,1,9.2167,teen
0,1,male,24.0,0,0,79.2,C,man,B,Cherbourg,True,1,0,0,4.384523514872469,1,1,79.2,young_adult
0,3,female,26.0,0,2,15.2458,C,woman,Unknown,Cherbourg,False,0,1,0,2.7878344138303452,3,0,5.081933333333333,young_adult
1,3,female,22.0,0,0,7.75,S,woman,Unknown,Southampton,True,0,0,0,2.169053700369523,1,1,7.75,young_adult
1,3,female,24.0,1,0,15.85,S,woman,Unknown,Southampton,False,0,0,0,2.8243506567983707,2,0,7.925,young_adult
0,3,male,19.0,0,0,6.75,Q,man,Unknown,Queenstown,True,0,0,0,2.0476928433652555,1,1,6.75,young_adult
0,2,male,18.0,0,0,11.5,S,man,Unknown,Southampton,True,0,0,0,2.5257286443082556,1,1,11.5,teen
0,2,male,19.0,1,1,36.75,S,man,Unknown,Southampton,False,0,0,0,3.6309854756950335,3,0,12.25,young_adult
1,3,male,27.0,0,0,7.7958,S,man,Unknown,Southampton,True,0,0,0,2.174274334826008,1,1,7.7958,young_adult
0,3,female,9.0,2,2,34.375,S,child,Unknown,Southampton,False,0,0,0,3.5660053559634015,5,0,6.875,child
0,2,male,36.5,0,2,26.0,S,man,F,Southampton,False,1,0,0,3.295836866004329,3,0,8.666666666666666,adult
0,2,male,42.0,0,0,13.0,S,man,Unknown,Southampton,True,0,0,0,2.6390573296152584,1,1,13.0,adult
0,2,male,51.0,0,0,12.525,S,man,Unknown,Southampton,True,0,0,0,2.6045398247325453,1,1,12.525,adult
1,1,female,22.0,1,0,66.6,S,woman,C,Southampton,False,1,0,0,4.213607983048918,2,0,33.3,young_adult
0,3,male,55.5,0,0,8.05,S,man,Unknown,Southampton,True,0,0,0,2.2027647577118348,1,1,8.05,adult
0,3,male,40.5,0,2,14.5,S,man,Unknown,Southampton,False,0,0,0,2.740840023925201,3,0,4.833333333333333,adult
0,3,male,27.0,0,0,7.3125,S,man,Unknown,Southampton,True,0,1,0,2.1177604059819726,1,1,7.3125,young_adult
0,1,male,51.0,0,1,61.3792,C,man,Unknown,Cherbourg,False,0,0,0,4.133231886474144,2,0,30.6896,adult
1,3,female,16.0,0,0,7.7333,Q,woman,Unknown,Queenstown,True,0,0,0,2.167143305297764,1,1,7.7333,teen
0,3,male,30.0,0,0,8.05,S,man,Unknown,Southampton,True,0,0,0,2.2027647577118348,1,1,8.05,young_adult
0,3,male,27.0,0,0,8.6625,S,man,Unknown,Southampton,True,0,1,0,2.2682524139135403,1,1,8.6625,young_adult
0,3,male,27.0,8,2,69.55,S,man,Unknown,Southampton,False,0,1,0,4.256321678298823,11,0,6.322727272727272,young_adult
0,3,male,44.0,0,1,16.1,S,man,Unknown,Southampton,False,0,0,0,2.8390784635086144,2,0,8.05,adult
1,2,female,40.0,0,0,15.75,S,woman,Unknown,Southampton,True,0,0,0,2.8183982582710754,1,1,15.75,adult
0,3,male,26.0,0,0,7.775,S,man,Unknown,Southampton,True,0,0,0,2.1719067693519296,1,1,7.775,young_adult
0,3,male,17.0,0,0,8.6625,S,man,Unknown,Southampton,True,0,0,0,2.2682524139135403,1,1,8.6625,teen
0,3,male,1.0,4,1,39.6875,S,child,Unknown,Southampton,False,0,0,0,3.705920919968788,6,0,6.614583333333333,child
1,3,male,9.0,0,2,20.525,S,child,Unknown,Southampton,False,0,0,0,3.0692150503137943,3,0,6.841666666666666,child
1,1,female,35.0,0,1,55.0,S,woman,E,Southampton,False,1,1,0,4.02535169073515,2,0,27.5,young_adult
0,3,female,45.0,1,4,27.9,S,woman,Unknown,Southampton,False,0,0,0,3.3638415951183864,6,0,4.6499999999999995,adult
0,1,male,42.0,0,0,25.925,S,man,Unknown,Southampton,True,0,1,0,3.2930552230424524,1,1,25.925,adult
0,3,male,28.0,0,0,56.4958,S,man,Unknown,Southampton,True,0,0,0,4.05171190165724,1,1,56.4958,young_adult
0,1,male,61.0,0,0,33.5,S,man,B,Southampton,True,1,0,0,3.5409593240373143,1,1,33.5,senior
0,3,male,4.0,4,1,29.125,Q,child,Unknown,Queenstown,False,0,0,0,3.405355391810819,6,0,4.854166666666667,child
1,3,female,1.0,1,1,11.1333,S,child,Unknown,Southampton,False,0,0,0,2.495953738718064,3,0,3.7111,child
0,3,male,21.0,0,0,7.925,S,man,Unknown,Southampton,True,0,0,0,2.188856327665703,1,1,7.925,young_adult
0,1,male,56.0,0,0,30.6958,C,man,A,Cherbourg,True,1,0,0,3.4561841799918147,1,1,30.6958,adult
0,3,male,18.0,1,1,7.8542,S,man,Unknown,Southampton,False,0,0,0,2.180891922715322,3,0,2.6180666666666665,teen
0,3,male,27.0,3,1,25.4667,S,man,Unknown,Southampton,False,0,1,0,3.275887339030031,5,0,5.0933399999999995,young_adult
0,1,female,50.0,0,0,28.7125,C,woman,C,Cherbourg,True,1,0,0,3.391567832686312,1,1,28.7125,adult
0,2,male,30.0,0,0,13.0,S,man,Unknown,Southampton,True,0,0,0,2.6390573296152584,1,1,13.0,young_adult
0,3,male,36.0,0,0,0.0,S,man,Unknown,Southampton,True,0,0,1,0.0,1,1,0.0,adult
0,3,female,26.0,8,2,69.55,S,woman,Unknown,Southampton,False,0,1,0,4.256321678298823,11,0,6.322727272727272,young_adult
0,2,male,31.0,0,0,15.05,C,man,Unknown,Cherbourg,True,0,1,0,2.775708849576025,1,1,15.05,young_adult
0,3,male,9.0,4,2,31.3875,S,child,Unknown,Southampton,False,0,0,0,3.4777725458882283,7,0,4.483928571428572,child
1,2,male,1.0,2,1,39.0,S,child,F,Southampton,False,1,0,0,3.6888794541139363,4,0,9.75,child
1,3,female,4.0,0,2,22.025,S,child,Unknown,Southampton,False,0,0,0,3.1365805821413706,3,0,7.341666666666666,child
0,1,male,42.0,0,0,50.0,S,man,A,Southampton,True,1,1,0,3.9318256327243257,1,1,50.0,adult
1,3,female,26.0,1,0,15.5,Q,woman,Unknown,Queenstown,False,0,1,0,2.803360380906535,2,0,7.75,young_adult
1,1,male,45.0,0,0,26.55,S,man,Unknown,Southampton,True,0,0,0,3.3160025355989236,1,1,26.55,adult
0,3,male,40.0,1,1,15.5,Q,man,Unknown,Queenstown,False,0,0,0,2.803360380906535,3,0,5.166666666666667,adult
0,3,male,36.0,0,0,7.8958,S,man,Unknown,Southampton,True,0,0,0,2.1855792552411137,1,1,7.8958,adult
1,2,female,32.0,0,0,13.0,S,woman,Unknown,Southampton,True,0,0,0,2.6390573296152584,1,1,13.0,young_adult
0,2,male,19.0,0,0,13.0,S,man,Unknown,Southampton,True,0,0,0,2.6390573296152584,1,1,13.0,young_adult
1,3,female,19.0,1,0,7.8542,S,woman,Unknown,Southampton,False,0,0,0,2.180891922715322,2,0,3.9271,young_adult
1,2,male,3.0,1,1,26.0,S,child,F,Southampton,False,1,0,0,3.295836866004329,3,0,8.666666666666666,child
1,1,female,44.0,0,0,27.7208,C,woman,B,Cherbourg,True,1,0,0,3.357621598945279,1,1,27.7208,adult
1,1,female,58.0,0,0,146.5208,C,woman,B,Cherbourg,True,1,0,0,4.993969182787072,1,1,146.5208,adult
0,3,male,27.0,0,0,7.75,Q,man,Unknown,Queenstown,True,0,1,0,2.169053700369523,1,1,7.75,young_adult
0,3,male,42.0,0,1,8.4042,S,man,Unknown,Southampton,False,0,0,0,2.2411563979973974,2,0,4.2021,adult
1,3,female,26.0,0,0,7.75,Q,woman,Unknown,Queenstown,True,0,1,0,2.169053700369523,1,1,7.75,young_adult
0,2,female,24.0,0,0,13.0,S,woman,Unknown,Southampton,True,0,0,0,2.6390573296152584,1,1,13.0,young_adult
0,3,male,28.0,0,0,9.5,S,man,Unknown,Southampton,True,0,0,0,2.3513752571634776,1,1,9.5,young_adult
0,3,male,27.0,8,2,69.55,S,man,Unknown,Southampton,False,0,1,0,4.256321678298823,11,0,6.322727272727272,young_adult
0,3,male,34.0,0,0,6.4958,S,man,Unknown,Southampton,True,0,0,0,2.0143428636837015,1,1,6.4958,young_adult
0,3,male,45.5,0,0,7.225,C,man,Unknown,Cherbourg,True,0,0,0,2.1071782966514356,1,1,7.225,adult
1,3,male,18.0,0,0,8.05,S,man,Unknown,Southampton,True,0,0,0,2.2027647577118348,1,1,8.05,teen
0,3,female,2.0,0,1,10.4625,S,child,G,Southampton,False,1,0,0,2.4390808375825834,2,0,5.23125,child
0,3,male,32.0,1,0,15.85,S,man,Unknown,Southampton,False,0,0,0,2.8243506567983707,2,0,7.925,young_adult
1,3,male,26.0,0,0,18.7875,C,man,Unknown,Cherbourg,True,0,0,0,2.9850504252071306,1,1,18.7875,young_adult
1,3,female,16.0,0,0,7.75,Q,woman,Unknown,Queenstown,True,0,0,0,2.169053700369523,1,1,7.75,teen
1,1,male,40.0,0,0,31.0,C,man,A,Cherbourg,True,1,0,0,3.4657359027997265,1,1,31.0,adult
0,3,male,24.0,0,0,7.05,S,man,Unknown,Southampton,True,0,0,0,2.085672091430472,1,1,7.05,young_adult
1,2,female,35.0,0,0,21.0,S,woman,Unknown,Southampton,True,0,0,0,3.091042453358316,1,1,21.0,young_adult
0,3,male,22.0,0,0,7.25,S,man,Unknown,Southampton,True,0,0,0,2.1102132003465894,1,1,7.25,young_adult
0,2,male,30.0,0,0,13.0,S,man,Unknown,Southampton,True,0,0,0,2.6390573296152584,1,1,13.0,young_adult
0,3,male,27.0,1,0,7.75,Q,man,Unknown,Queenstown,False,0,1,0,2.169053700369523,2,0,3.875,young_adult
1,1,female,31.0,1,0,113.275,C,woman,D,Cherbourg,False,1,0,0,4.738607824217808,2,0,56.6375,young_adult
1,3,female,27.0,0,0,7.925,S,woman,Unknown,Southampton,True,0,0,0,2.188856327665703,1,1,7.925,young_adult
0,2,male,42.0,1,0,27.0,S,man,Unknown,Southampton,False,0,0,0,3.332204510175204,2,0,13.5,adult
1,1,female,32.0,0,0,76.2917,C,woman,D,Cherbourg,True,1,0,0,4.347586575960343,1,1,76.2917,young_adult
0,2,male,30.0,0,0,10.5,S,man,Unknown,Southampton,True,0,0,0,2.4423470353692043,1,1,10.5,young_adult
1,3,male,16.0,0,0,8.05,S,man,Unknown,Southampton,True,0,0,0,2.2027647577118348,1,1,8.05,teen
0,2,male,27.0,0,0,13.0,S,man,Unknown,Southampton,True,0,0,0,2.6390573296152584,1,1,13.0,young_adult
0,3,male,51.0,0,0,8.05,S,man,Unknown,Southampton,True,0,0,0,2.2027647577118348,1,1,8.05,adult
0,3,male,27.0,0,0,7.8958,S,man,Unknown,Southampton,True,0,1,0,2.1855792552411137,1,1,7.8958,young_adult
1,1,male,38.0,1,0,90.0,S,man,C,Southampton,False,1,0,0,4.51085950651685,2,0,45.0,adult
0,3,male,22.0,0,0,9.35,S,man,Unknown,Southampton,True,0,0,0,2.336986519711378,1,1,9.35,young_adult
1,2,male,19.0,0,0,10.5,S,man,Unknown,Southampton,True,0,0,0,2.4423470353692043,1,1,10.5,young_adult
0,3,male,20.5,0,0,7.25,S,man,Unknown,Southampton,True,0,0,0,2.1102132003465894,1,1,7.25,young_adult
0,2,male,18.0,0,0,13.0,S,man,Unknown,Southampton,True,0,0,0,2.6390573296152584,1,1,13.0,teen
0,3,female,26.0,3,1,25.4667,S,woman,Unknown,Southampton,False,0,1,0,3.275887339030031,5,0,5.0933399999999995,young_adult
1,1,female,35.0,1,0,83.475,S,woman,C,Southampton,False,1,0,0,4.436455632600354,2,0,41.7375,young_adult
0,3,male,29.0,0,0,7.775,S,man,Unknown,Southampton,True,0,0,0,2.1719067693519296,1,1,7.775,young_adult
0,2,male,59.0,0,0,13.5,S,man,Unknown,Southampton,True,0,0,0,2.6741486494265287,1,1,13.5,adult
1,3,female,5.0,4,2,31.3875,S,child,Unknown,Southampton,False,0,0,0,3.4777725458882283,7,0,4.483928571428572,child
0,2,male,24.0,0,0,10.5,S,man,Unknown,Southampton,True,0,0,0,2.4423470353692043,1,1,10.5,young_adult
0,3,female,26.0,0,0,7.55,S,woman,Unknown,Southampton,True,0,1,0,2.145931282948669,1,1,7.55,young_adult
0,2,male,44.0,1,0,26.0,S,man,Unknown,Southampton,False,0,0,0,3.295836866004329,2,0,13.0,adult
1,2,female,8.0,0,2,26.25,S,child,Unknown,Southampton,False,0,0,0,3.305053521109253,3,0,8.75,child
0,2,male,19.0,0,0,10.5,S,man,Unknown,Southampton,True,0,0,0,2.4423470353692043,1,1,10.5,young_adult
0,2,male,33.0,0,0,12.275,S,man,Unknown,Southampton,True,0,0,0,2.5858825671280026,1,1,12.275,young_adult
0,3,female,26.0,1,0,14.4542,C,woman,Unknown,Cherbourg,False,0,1,0,2.737880811060884,2,0,7.2271,young_adult
1,3,female,26.0,1,0,15.5,Q,woman,Unknown,Queenstown,False,0,1,0,2.803360380906535,2,0,7.75,young_adult
0,2,male,29.0,0,0,10.5,S,man,Unknown,Southampton,True,0,0,0,2.4423470353692043,1,1,10.5,young_adult
0,3,male,22.0,0,0,7.125,S,man,Unknown,Southampton,True,0,0,0,2.094945728215801,1,1,7.125,young_adult
0,3,male,30.0,0,0,7.225,C,man,Unknown,Cherbourg,True,0,0,0,2.1071782966514356,1,1,7.225,young_adult
0,1,male,44.0,2,0,90.0,Q,man,C,Queenstown,False,1,0,0,4.51085950651685,3,0,30.0,adult
0,3,female,25.0,0,0,7.775,S,woman,Unknown,Southampton,True,0,0,0,2.1719067693519296,1,1,7.775,young_adult
1,2,female,24.0,0,2,14.5,S,woman,Unknown,Southampton,False,0,0,0,2.740840023925201,3,0,4.833333333333333,young_adult
1,1,male,37.0,1,1,52.5542,S,man,D,Southampton,False,1,0,0,3.9806942251907276,3,0,17.518066666666666,adult
0,2,male,54.0,1,0,26.0,S,man,Unknown,Southampton,False,0,0,0,3.295836866004329,2,0,13.0,adult
0,3,male,27.0,0,0,7.25,S,man,Unknown,Southampton,True,0,1,0,2.1102132003465894,1,1,7.25,young_adult
0,3,female,29.0,1,1,10.4625,S,woman,G,Southampton,False,1,0,0,2.4390808375825834,3,0,3.4875000000000003,young_adult
0,1,male,62.0,0,0,26.55,S,man,C,Southampton,True,1,0,0,3.3160025355989236,1,1,26.55,senior
0,3,male,30.0,1,0,16.1,S,man,Unknown,Southampton,False,0,0,0,2.8390784635086144,2,0,8.05,young_adult
0,3,female,41.0,0,2,20.2125,S,woman,Unknown,Southampton,False,0,0,0,3.0545906305603445,3,0,6.7375,adult
1,3,female,29.0,0,2,15.2458,C,woman,Unknown,Cherbourg,False,0,0,0,2.7878344138303452,3,0,5.081933333333333,young_adult
1,1,female,35.0,0,0,79.2,C,woman,Unknown,Cherbourg,True,0,1,0,4.384523514872469,1,1,79.2,young_adult
1,1,female,30.0,0,0,86.5,S,woman,B,Southampton,True,1,0,0,4.471638793363569,1,1,86.5,young_adult
1,1,female,35.0,0,0,512.3292,C,woman,Unknown,Cherbourg,True,0,0,0,6.240917354759096,1,1,512.3292,young_adult
1,2,female,50.0,0,1,26.0,S,woman,Unknown,Southampton,False,0,0,0,3.295836866004329,2,0,13.0,adult
0,3,male,27.0,0,0,7.75,Q,man,Unknown,Queenstown,True,0,1,0,2.169053700369523,1,1,7.75,young_adult
1,3,male,3.0,4,2,31.3875,S,child,Unknown,Southampton,False,0,0,0,3.4777725458882283,7,0,4.483928571428572,child
0,1,male,52.0,1,1,79.65,S,man,E,Southampton,False,1,0,0,4.390118804571218,3,0,26.55,adult
0,1,male,40.0,0,0,0.0,S,man,B,Southampton,True,1,0,1,0.0,1,1,0.0,adult
0,3,female,26.0,0,0,7.75,Q,woman,Unknown,Queenstown,True,0,1,0,2.169053700369523,1,1,7.75,young_adult
0,2,male,36.0,0,0,10.5,S,man,Unknown,Southampton,True,0,0,0,2.4423470353692043,1,1,10.5,adult
0,3,male,16.0,4,1,39.6875,S,man,Unknown,Southampton,False,0,0,0,3.705920919968788,6,0,6.614583333333333,teen
1,3,male,25.0,1,0,7.775,S,man,Unknown,Southampton,False,0,0,0,2.1719067693519296,2,0,3.8875,young_adult
1,1,female,58.0,0,1,153.4625,S,woman,C,Southampton,False,1,0,0,5.039951348430309,2,0,76.73125,adult
1,1,female,35.0,0,0,135.6333,S,woman,C,Southampton,True,1,0,0,4.91730069488021,1,1,135.6333,young_adult
0,1,male,42.0,0,0,31.0,S,man,Unknown,Southampton,True,0,1,0,3.4657359027997265,1,1,31.0,adult
1,3,male,25.0,0,0,0.0,S,man,Unknown,Southampton,True,0,0,1,0.0,1,1,0.0,young_adult
1,2,female,41.0,0,1,19.5,S,woman,Unknown,Southampton,False,0,0,0,3.0204248861443626,2,0,9.75,adult
0,1,male,37.0,0,1,29.7,C,man,C,Cherbourg,False,1,0,0,3.4242626545931514,2,0,14.85,adult
1,3,female,26.0,0,0,7.75,Q,woman,Unknown,Queenstown,True,0,1,0,2.169053700369523,1,1,7.75,young_adult
1,1,female,63.0,1,0,77.9583,S,woman,D,Southampton,False,1,0,0,4.368919865004903,2,0,38.97915,senior
0,3,female,45.0,0,0,7.75,S,woman,Unknown,Southampton,True,0,0,0,2.169053700369523,1,1,7.75,adult
0,2,male,31.0,0,0,0.0,S,man,Unknown,Southampton,True,0,1,1,0.0,1,1,0.0,young_adult
0,3,male,7.0,4,1,29.125,Q,child,Unknown,Queenstown,False,0,0,0,3.405355391810819,6,0,4.854166666666667,child
1,3,female,35.0,1,1,20.25,S,woman,Unknown,Southampton,False,0,0,0,3.056356895370426,3,0,6.75,young_adult
0,3,male,65.0,0,0,7.75,Q,man,Unknown,Queenstown,True,0,0,0,2.169053700369523,1,1,7.75,senior
0,3,male,28.0,0,0,7.8542,S,man,Unknown,Southampton,True,0,0,0,2.180891922715322,1,1,7.8542,young_adult
0,3,male,16.0,0,0,9.5,S,man,Unknown,Southampton,True,0,0,0,2.3513752571634776,1,1,9.5,teen
1,3,male,19.0,0,0,8.05,S,man,Unknown,Southampton,True,0,0,0,2.2027647577118348,1,1,8.05,young_adult
0,1,male,42.0,0,0,26.0,S,man,A,Southampton,True,1,1,0,3.295836866004329,1,1,26.0,adult
0,3,male,33.0,0,0,8.6625,C,man,Unknown,Cherbourg,True,0,0,0,2.2682524139135403,1,1,8.6625,young_adult
1,3,male,30.0,0,0,9.5,S,man,Unknown,Southampton,True,0,0,0,2.3513752571634776,1,1,9.5,young_adult
0,3,male,22.0,0,0,7.8958,S,man,Unknown,Southampton,True,0,0,0,2.1855792552411137,1,1,7.8958,young_adult
1,2,male,42.0,0,0,13.0,S,man,Unknown,Southampton,True,0,0,0,2.6390573296152584,1,1,13.0,adult
1,3,female,22.0,0,0,7.75,Q,woman,Unknown,Queenstown,True,0,0,0,2.169053700369523,1,1,7.75,young_adult
1,1,female,26.0,0,0,78.85,S,woman,Unknown,Southampton,True,0,0,0,4.380149874661021,1,1,78.85,young_adult
1,1,female,19.0,1,0,91.0792,C,woman,B,Cherbourg,False,1,0,0,4.5226490762785785,2,0,45.5396,young_adult
0,2,male,36.0,0,0,12.875,C,man,D,Cherbourg,True,1,0,0,2.630088659632498,1,1,12.875,adult
0,3,female,24.0,0,0,8.85,S,woman,Unknown,Southampton,True,0,0,0,2.2874714551839976,1,1,8.85,young_adult
0,3,male,24.0,0,0,7.8958,S,man,Unknown,Southampton,True,0,0,0,2.1855792552411137,1,1,7.8958,young_adult
0,1,male,42.0,0,0,27.7208,C,man,Unknown,Cherbourg,True,0,1,0,3.357621598945279,1,1,27.7208,adult
0,3,male,23.5,0,0,7.2292,C,man,Unknown,Cherbourg,True,0,0,0,2.1076888046179385,1,1,7.2292,young_adult
0,1,female,2.0,1,2,151.55,S,child,C,Southampton,False,1,0,0,5.027492411162679,4,0,37.8875,child
1,1,male,42.0,0,0,30.5,S,man,C,Southampton,True,1,1,0,3.449987545831587,1,1,30.5,adult
1,1,female,50.0,0,1,247.5208,C,woman,B,Cherbourg,False,1,0,0,5.515526544247129,2,0,123.7604,adult
1,3,female,26.0,0,0,7.75,Q,woman,Unknown,Queenstown,True,0,1,0,2.169053700369523,1,1,7.75,young_adult
1,3,male,27.0,2,0,23.25,Q,man,Unknown,Queenstown,False,0,1,0,3.188416617383492,3,0,7.75,young_adult
0,3,male,19.0,0,0,0.0,S,man,Unknown,Southampton,True,0,0,1,0.0,1,1,0.0,young_adult
1,2,female,30.0,0,0,12.35,Q,woman,E,Queenstown,True,1,1,0,2.5915163848462583,1,1,12.35,young_adult
0,3,male,27.0,0,0,8.05,S,man,Unknown,Southampton,True,0,1,0,2.2027647577118348,1,1,8.05,young_adult
1,1,male,0.92,1,2,151.55,S,child,C,Southampton,False,1,0,0,5.027492411162679,4,0,37.8875,child
1,1,female,35.0,0,0,110.8833,C,woman,Unknown,Cherbourg,True,0,1,0,4.717456363787216,1,1,110.8833,young_adult
1,1,female,17.0,1,0,108.9,C,woman,C,Cherbourg,False,1,0,0,4.699570861409576,2,0,54.45,teen
0,2,male,30.0,1,0,24.0,C,man,Unknown,Cherbourg,False,0,0,0,3.2188758248682006,2,0,12.0,young_adult
1,1,female,30.0,0,0,56.9292,C,woman,E,Cherbourg,True,1,0,0,4.0592215752427645,1,1,56.9292,young_adult
1,1,female,24.0,0,0,83.1583,C,woman,C,Cherbourg,True,1,0,0,4.432699549165613,1,1,83.1583,young_adult
1,1,female,18.0,2,2,262.375,C,woman,B,Cherbourg,False,1,0,0,5.5735788721243535,5,0,52.475,teen
0,2,female,26.0,1,1,26.0,S,woman,Unknown,Southampton,False,0,0,0,3.295836866004329,3,0,8.666666666666666,young_adult
0,3,male,28.0,0,0,7.8958,S,man,Unknown,Southampton,True,0,0,0,2.1855792552411137,1,1,7.8958,young_adult
0,2,male,43.0,1,1,26.25,S,man,Unknown,Southampton,False,0,0,0,3.305053521109253,3,0,8.75,adult
1,3,female,26.0,0,0,7.8542,S,woman,Unknown,Southampton,True,0,0,0,2.180891922715322,1,1,7.8542,young_adult
1,2,female,24.0,1,0,26.0,S,woman,Unknown,Southampton,False,0,0,0,3.295836866004329,2,0,13.0,young_adult
0,2,male,54.0,0,0,14.0,S,man,Unknown,Southampton,True,0,0,0,2.70805020110221,1,1,14.0,adult
1,1,female,31.0,0,2,164.8667,S,woman,C,Southampton,False,1,0,0,5.11118445372147,3,0,54.95556666666667,young_adult
1,1,female,40.0,1,1,134.5,C,woman,E,Cherbourg,False,1,0,0,4.908971640319756,3,0,44.833333333333336,adult
0,3,male,22.0,0,0,7.25,S,man,Unknown,Southampton,True,0,0,0,2.1102132003465894,1,1,7.25,young_adult
0,3,male,27.0,0,0,7.8958,S,man,Unknown,Southampton,True,0,0,0,2.1855792552411137,1,1,7.8958,young_adult
1,2,female,30.0,0,0,12.35,Q,woman,Unknown,Queenstown,True,0,0,0,2.5915163848462583,1,1,12.35,young_adult
1,2,female,22.0,1,1,29.0,S,woman,Unknown,Southampton,False,0,0,0,3.4011973816621555,3,0,9.666666666666666,young_adult
0,3,male,27.0,8,2,69.55,S,man,Unknown,Southampton,False,0,1,0,4.256321678298823,11,0,6.322727272727272,young_adult
1,1,female,36.0,0,0,135.6333,C,woman,C,Cherbourg,True,1,0,0,4.91730069488021,1,1,135.6333,adult
0,3,male,61.0,0,0,6.2375,S,man,Unknown,Southampton,True,0,0,0,1.9792758428991135,1,1,6.2375,senior
1,2,female,36.0,0,0,13.0,S,woman,D,Southampton,True,1,0,0,2.6390573296152584,1,1,13.0,adult
1,3,female,31.0,1,1,20.525,S,woman,Unknown,Southampton,False,0,0,0,3.0692150503137943,3,0,6.841666666666666,young_adult
1,1,female,16.0,0,1,57.9792,C,woman,B,Cherbourg,False,1,0,0,4.077184839375167,2,0,28.9896,teen
1,3,female,26.0,2,0,23.25,Q,woman,Unknown,Queenstown,False,0,1,0,3.188416617383492,3,0,7.75,young_adult
0,1,male,45.5,0,0,28.5,S,man,C,Southampton,True,1,0,0,3.3843902633457743,1,1,28.5,adult
0,1,male,38.0,0,1,153.4625,S,man,C,Southampton,False,1,0,0,5.039951348430309,2,0,76.73125,adult
0,3,male,16.0,2,0,18.0,S,man,Unknown,Southampton,False,0,0,0,2.9444389791664403,3,0,6.0,teen
1,1,female,35.0,1,0,133.65,S,woman,Unknown,Southampton,False,0,1,0,4.902678819257608,2,0,66.825,young_adult
0,3,male,27.0,0,0,7.8958,S,man,Unknown,Southampton,True,0,1,0,2.1855792552411137,1,1,7.8958,young_adult
0,1,male,29.0,1,0,66.6,S,man,C,Southampton,False,1,0,0,4.213607983048918,2,0,33.3,young_adult
1,1,female,41.0,0,0,134.5,C,woman,E,Cherbourg,True,1,0,0,4.908971640319756,1,1,134.5,adult
1,3,male,45.0,0,0,8.05,S,man,Unknown,Southampton,True,0,0,0,2.2027647577118348,1,1,8.05,adult
0,1,male,45.0,0,0,35.5,S,man,Unknown,Southampton,True,0,0,0,3.597312260588446,1,1,35.5,adult
1,2,male,2.0,1,1,26.0,S,child,F,Southampton,False,1,0,0,3.295836866004329,3,0,8.666666666666666,child
1,1,female,24.0,3,2,263.0,S,woman,C,Southampton,False,1,0,0,5.575949103146316,6,0,43.833333333333336,young_adult
0,2,male,28.0,0,0,13.0,S,man,Unknown,Southampton,True,0,0,0,2.6390573296152584,1,1,13.0,young_adult
0,2,male,25.0,0,0,13.0,S,man,Unknown,Southampton,True,0,0,0,2.6390573296152584,1,1,13.0,young_adult
0,2,male,36.0,0,0,13.0,S,man,Unknown,Southampton,True,0,0,0,2.6390573296152584,1,1,13.0,adult
1,2,female,24.0,0,0,13.0,S,woman,F,Southampton,True,1,0,0,2.6390573296152584,1,1,13.0,young_adult
1,2,female,40.0,0,0,13.0,S,woman,Unknown,Southampton,True,0,0,0,2.6390573296152584,1,1,13.0,adult
1,3,female,26.0,1,0,16.1,S,woman,Unknown,Southampton,False,0,1,0,2.8390784635086144,2,0,8.05,young_adult
1,3,male,3.0,1,1,15.9,S,child,Unknown,Southampton,False,0,0,0,2.827313621929028,3,0,5.3,child
0,3,male,42.0,0,0,8.6625,S,man,Unknown,Southampton,True,0,0,0,2.2682524139135403,1,1,8.6625,adult
0,3,male,23.0,0,0,9.225,S,man,Unknown,Southampton,True,0,0,0,2.3248357019288655,1,1,9.225,young_adult
0,1,male,42.0,0,0,35.0,S,man,C,Southampton,True,1,1,0,3.58351893845611,1,1,35.0,adult
0,3,male,15.0,1,1,7.2292,C,child,Unknown,Cherbourg,False,0,0,0,2.1076888046179385,3,0,2.409733333333333,teen
0,3,male,25.0,1,0,17.8,S,man,Unknown,Southampton,False,0,0,0,2.9338568698359038,2,0,8.9,young_adult
0,3,male,27.0,0,0,7.225,C,man,Unknown,Cherbourg,True,0,1,0,2.1071782966514356,1,1,7.225,young_adult
0,3,male,28.0,0,0,9.5,S,man,Unknown,Southampton,True,0,0,0,2.3513752571634776,1,1,9.5,young_adult
1,1,female,22.0,0,1,55.0,S,woman,E,Southampton,False,1,0,0,4.02535169073515,2,0,27.5,young_adult
0,2,female,38.0,0,0,13.0,S,woman,Unknown,Southampton,True,0,0,0,2.6390573296152584,1,1,13.0,adult
1,3,female,26.0,0,0,7.8792,Q,woman,Unknown,Queenstown,True,0,1,0,2.1837114628556327,1,1,7.8792,young_adult
1,3,female,26.0,0,0,7.8792,Q,woman,Unknown,Queenstown,True,0,1,0,2.1837114628556327,1,1,7.8792,young_adult
0,3,male,40.0,1,4,27.9,S,man,Unknown,Southampton,False,0,0,0,3.3638415951183864,6,0,4.6499999999999995,adult
0,2,male,29.0,1,0,27.7208,C,man,Unknown,Cherbourg,False,0,0,0,3.357621598945279,2,0,13.8604,young_adult
0,3,female,45.0,0,1,14.4542,C,woman,Unknown,Cherbourg,False,0,0,0,2.737880811060884,2,0,7.2271,adult
0,3,male,35.0,0,0,7.05,S,man,Unknown,Southampton,True,0,0,0,2.085672091430472,1,1,7.05,young_adult
0,3,male,27.0,1,0,15.5,Q,man,Unknown,Queenstown,False,0,1,0,2.803360380906535,2,0,7.75,young_adult
0,3,male,30.0,0,0,7.25,S,man,Unknown,Southampton,True,0,0,0,2.1102132003465894,1,1,7.25,young_adult
1,1,female,60.0,1,0,75.25,C,woman,D,Cherbourg,False,1,0,0,4.334017415487521,2,0,37.625,adult
1,3,female,26.0,0,0,7.2292,C,woman,Unknown,Cherbourg,True,0,1,0,2.1076888046179385,1,1,7.2292,young_adult
1,3,female,26.0,0,0,7.75,Q,woman,Unknown,Queenstown,True,0,1,0,2.169053700369523,1,1,7.75,young_adult
1,1,female,24.0,0,0,69.3,C,woman,B,Cherbourg,True,1,0,0,4.252771798816619,1,1,69.3,young_adult
1,1,male,25.0,1,0,55.4417,C,man,E,Cherbourg,False,1,0,0,4.0332082470129285,2,0,27.72085,young_adult
0,3,male,18.0,1,0,6.4958,S,man,Unknown,Southampton,False,0,0,0,2.0143428636837015,2,0,3.2479,teen
0,3,male,19.0,0,0,8.05,S,man,Unknown,Southampton,True,0,0,0,2.2027647577118348,1,1,8.05,young_adult
0,1,male,22.0,0,0,135.6333,C,man,Unknown,Cherbourg,True,0,0,0,4.91730069488021,1,1,135.6333,young_adult
0,3,female,3.0,3,1,21.075,S,child,Unknown,Southampton,False,0,0,0,3.0944457464900235,5,0,4.215,child
1,1,female,35.0,1,0,82.1708,C,woman,Unknown,Cherbourg,False,0,1,0,4.420896324687287,2,0,41.0854,young_adult
1,3,female,22.0,0,0,7.25,S,woman,Unknown,Southampton,True,0,0,0,2.1102132003465894,1,1,7.25,young_adult
0,1,male,27.0,0,2,211.5,C,man,C,Cherbourg,False,1,0,0,5.358941988364472,3,0,70.5,young_adult
0,3,male,20.0,0,0,4.0125,C,man,Unknown,Cherbourg,True,0,0,0,1.6119347926326877,1,1,4.0125,young_adult
0,3,male,19.0,0,0,7.775,S,man,Unknown,Southampton,True,0,0,0,2.1719067693519296,1,1,7.775,young_adult
1,1,female,42.0,0,0,227.525,C,woman,Unknown,Cherbourg,True,0,0,0,5.4316456135398825,1,1,227.525,adult
1,3,female,1.0,0,2,15.7417,C,child,Unknown,Cherbourg,False,0,0,0,2.817902613071225,3,0,5.247233333333333,child
0,3,male,32.0,0,0,7.925,S,man,Unknown,Southampton,True,0,0,0,2.188856327665703,1,1,7.925,young_adult
1,1,female,35.0,1,0,52.0,S,woman,Unknown,Southampton,False,0,0,0,3.970291913552122,2,0,26.0,young_adult
0,3,male,27.0,0,0,7.8958,S,man,Unknown,Southampton,True,0,1,0,2.1855792552411137,1,1,7.8958,young_adult
0,2,male,18.0,0,0,73.5,S,man,Unknown,Southampton,True,0,0,0,4.310799125385514,1,1,73.5,teen
0,3,male,1.0,5,2,46.9,S,child,Unknown,Southampton,False,0,0,0,3.8691155044168695,8,0,5.8625,child
1,2,female,36.0,0,0,13.0,S,woman,Unknown,Southampton,True,0,0,0,2.6390573296152584,1,1,13.0,adult
0,3,male,27.0,0,0,7.7292,Q,man,Unknown,Queenstown,True,0,1,0,2.1666737276227077,1,1,7.7292,young_adult
1,2,female,17.0,0,0,12.0,C,woman,Unknown,Cherbourg,True,0,0,0,2.5649493574615367,1,1,12.0,teen
1,1,male,36.0,1,2,120.0,S,man,B,Southampton,False,1,0,0,4.795790545596741,4,0,30.0,adult
1,3,male,21.0,0,0,7.7958,S,man,Unknown,Southampton,True,0,0,0,2.174274334826008,1,1,7.7958,young_adult
0,3,male,28.0,2,0,7.925,S,man,Unknown,Southampton,False,0,0,0,2.188856327665703,3,0,2.6416666666666666,young_adult
1,1,female,23.0,1,0,113.275,C,woman,D,Cherbourg,False,1,0,0,4.738607824217808,2,0,56.6375,young_adult
1,3,female,24.0,0,2,16.7,S,woman,G,Southampton,False,1,0,0,2.8735646395797834,3,0,5.566666666666666,young_adult
0,3,male,22.0,0,0,7.7958,S,man,Unknown,Southampton,True,0,0,0,2.174274334826008,1,1,7.7958,young_adult
0,3,female,31.0,0,0,7.8542,S,woman,Unknown,Southampton,True,0,0,0,2.180891922715322,1,1,7.8542,young_adult
0,2,male,46.0,0,0,26.0,S,man,Unknown,Southampton,True,0,0,0,3.295836866004329,1,1,26.0,adult
0,2,male,23.0,0,0,10.5,S,man,Unknown,Southampton,True,0,0,0,2.4423470353692043,1,1,10.5,young_adult
1,2,female,28.0,0,0,12.65,S,woman,Unknown,Southampton,True,0,0,0,2.613739521630969,1,1,12.65,young_adult
1,3,male,39.0,0,0,7.925,S,man,Unknown,Southampton,True,0,0,0,2.188856327665703,1,1,7.925,adult
0,3,male,26.0,0,0,8.05,S,man,Unknown,Southampton,True,0,0,0,2.2027647577118348,1,1,8.05,young_adult
0,3,female,21.0,1,0,9.825,S,woman,Unknown,Southampton,False,0,0,0,2.3818582738885534,2,0,4.9125,young_adult
0,3,male,28.0,1,0,15.85,S,man,Unknown,Southampton,False,0,0,0,2.8243506567983707,2,0,7.925,young_adult
0,3,female,20.0,0,0,8.6625,S,woman,Unknown,Southampton,True,0,0,0,2.2682524139135403,1,1,8.6625,young_adult
0,2,male,34.0,1,0,21.0,S,man,Unknown,Southampton,False,0,0,0,3.091042453358316,2,0,10.5,young_adult
0,3,male,51.0,0,0,7.75,S,man,Unknown,Southampton,True,0,0,0,2.169053700369523,1,1,7.75,adult
1,2,male,3.0,1,1,18.75,S,child,Unknown,Southampton,False,0,0,0,2.9831534913471307,3,0,6.25,child
0,3,male,21.0,0,0,7.775,S,man,Unknown,Southampton,True,0,0,0,2.1719067693519296,1,1,7.775,young_adult
0,3,female,26.0,3,1,25.4667,S,woman,Unknown,Southampton,False,0,1,0,3.275887339030031,5,0,5.0933399999999995,young_adult
0,3,male,27.0,0,0,7.8958,S,man,Unknown,Southampton,True,0,1,0,2.1855792552411137,1,1,7.8958,young_adult
0,3,male,27.0,0,0,6.8583,Q,man,Unknown,Queenstown,True,0,1,0,2.061570298060867,1,1,6.8583,young_adult
1,1,female,33.0,1,0,90.0,Q,woman,C,Queenstown,False,1,0,0,4.51085950651685,2,0,45.0,young_adult
0,2,male,31.0,0,0,0.0,S,man,Unknown,Southampton,True,0,1,1,0.0,1,1,0.0,young_adult
1,3,male,44.0,0,0,7.925,S,man,Unknown,Southampton,True,0,0,0,2.188856327665703,1,1,7.925,adult
0,3,female,26.0,0,0,8.05,S,woman,Unknown,Southampton,True,0,1,0,2.2027647577118348,1,1,8.05,young_adult
1,2,female,34.0,1,1,32.5,S,woman,Unknown,Southampton,False,0,0,0,3.5115454388310208,3,0,10.833333333333334,young_adult
1,2,female,18.0,0,2,13.0,S,woman,Unknown,Southampton,False,0,0,0,2.6390573296152584,3,0,4.333333333333333,teen
0,2,male,30.0,0,0,13.0,S,man,Unknown,Southampton,True,0,0,0,2.6390573296152584,1,1,13.0,young_adult
0,3,female,10.0,0,2,24.15,S,child,Unknown,Southampton,False,0,0,0,3.224857896545748,3,0,8.049999999999999,child
0,3,male,27.0,0,0,7.8958,C,man,Unknown,Cherbourg,True,0,1,0,2.1855792552411137,1,1,7.8958,young_adult
0,3,male,21.0,0,0,7.7333,Q,man,Unknown,Queenstown,True,0,0,0,2.167143305297764,1,1,7.7333,young_adult
0,3,male,29.0,0,0,7.875,S,man,Unknown,Southampton,True,0,0,0,2.1832383353614797,1,1,7.875,young_adult
0,3,female,28.0,1,1,14.4,S,woman,Unknown,Southampton,False,0,0,0,2.7343675094195836,3,0,4.8,young_adult
0,3,male,18.0,1,1,20.2125,S,man,Unknown,Southampton,False,0,0,0,3.0545906305603445,3,0,6.7375,teen
0,3,male,27.0,0,0,7.25,S,man,Unknown,Southampton,True,0,1,0,2.1102132003465894,1,1,7.25,young_adult
1,2,female,28.0,1,0,26.0,S,woman,Unknown,Southampton,False,0,0,0,3.295836866004329,2,0,13.0,young_adult
1,2,female,19.0,0,0,26.0,S,woman,Unknown,Southampton,True,0,0,0,3.295836866004329,1,1,26.0,young_adult
0,3,male,27.0,0,0,7.75,Q,man,Unknown,Queenstown,True,0,1,0,2.169053700369523,1,1,7.75,young_adult
1,3,male,32.0,0,0,8.05,S,man,E,Southampton,True,1,0,0,2.2027647577118348,1,1,8.05,young_adult
1,1,male,28.0,0,0,26.55,S,man,C,Southampton,True,1,0,0,3.3160025355989236,1,1,26.55,young_adult
1,3,female,26.0,1,0,16.1,S,woman,Unknown,Southampton,False,0,1,0,2.8390784635086144,2,0,8.05,young_adult
1,2,female,42.0,1,0,26.0,S,woman,Unknown,Southampton,False,0,0,0,3.295836866004329,2,0,13.0,adult
0,3,male,17.0,0,0,7.125,S,man,Unknown,Southampton,True,0,0,0,2.094945728215801,1,1,7.125,teen
0,1,male,50.0,1,0,55.9,S,man,E,Southampton,False,1,0,0,4.041295341132285,2,0,27.95,adult
1,1,female,14.0,1,2,120.0,S,child,B,Southampton,False,1,0,0,4.795790545596741,4,0,30.0,teen
0,3,female,21.0,2,2,34.375,S,woman,Unknown,Southampton,False,0,0,0,3.5660053559634015,5,0,6.875,young_adult
1,2,female,24.0,2,3,18.75,S,woman,Unknown,Southampton,False,0,0,0,2.9831534913471307,6,0,3.125,young_adult
0,1,male,64.0,1,4,263.0,S,man,C,Southampton,False,1,0,0,5.575949103146316,6,0,43.833333333333336,senior
0,2,male,31.0,0,0,10.5,S,man,Unknown,Southampton,True,0,0,0,2.4423470353692043,1,1,10.5,young_adult
1,2,female,45.0,1,1,26.25,S,woman,Unknown,Southampton,False,0,0,0,3.305053521109253,3,0,8.75,adult
0,3,male,20.0,0,0,9.5,S,man,Unknown,Southampton,True,0,0,0,2.3513752571634776,1,1,9.5,young_adult
0,3,male,25.0,1,0,7.775,S,man,Unknown,Southampton,False,0,0,0,2.1719067693519296,2,0,3.8875,young_adult
1,2,female,28.0,0,0,13.0,S,woman,Unknown,Southampton,True,0,0,0,2.6390573296152584,1,1,13.0,young_adult
1,3,male,27.0,0,0,8.1125,S,man,Unknown,Southampton,True,0,1,0,2.2096470973347766,1,1,8.1125,young_adult
1,1,male,4.0,0,2,81.8583,S,child,A,Southampton,False,1,0,0,4.417131919904876,3,0,27.2861,child
1,2,female,13.0,0,1,19.5,S,child,Unknown,Southampton,False,0,0,0,3.0204248861443626,2,0,9.75,teen
1,1,male,34.0,0,0,26.55,S,man,Unknown,Southampton,True,0,0,0,3.3160025355989236,1,1,26.55,young_adult
1,3,female,5.0,2,1,19.2583,C,child,Unknown,Cherbourg,False,0,0,0,3.0085645861193133,4,0,4.814575,child
1,1,male,52.0,0,0,30.5,S,man,C,Southampton,True,1,0,0,3.449987545831587,1,1,30.5,adult
0,2,male,36.0,1,2,27.75,S,man,Unknown,Southampton,False,0,0,0,3.3586377672433594,4,0,6.9375,adult
0,3,male,27.0,1,0,19.9667,S,man,Unknown,Southampton,False,0,1,0,3.0429354648621407,2,0,9.98335,young_adult
0,1,male,30.0,0,0,27.75,C,man,C,Cherbourg,True,1,0,0,3.3586377672433594,1,1,27.75,young_adult
1,1,male,49.0,1,0,89.1042,C,man,C,Cherbourg,False,1,0,0,4.500966778400217,2,0,44.5521,adult
0,3,male,27.0,0,0,8.05,S,man,Unknown,Southampton,True,0,1,0,2.2027647577118348,1,1,8.05,young_adult
1,3,male,29.0,0,0,7.8958,C,man,Unknown,Cherbourg,True,0,0,0,2.1855792552411137,1,1,7.8958,young_adult
0,1,male,65.0,0,0,26.55,S,man,E,Southampton,True,1,0,0,3.3160025355989236,1,1,26.55,senior
1,1,female,35.0,1,0,51.8625,S,woman,D,Southampton,False,1,1,0,3.967694202798607,2,0,25.93125,young_adult
1,2,female,50.0,0,0,10.5,S,woman,Unknown,Southampton,True,0,0,0,2.4423470353692043,1,1,10.5,adult
0,3,male,27.0,0,0,7.75,Q,man,Unknown,Queenstown,True,0,1,0,2.169053700369523,1,1,7.75,young_adult
1,1,male,48.0,0,0,26.55,S,man,E,Southampton,True,1,0,0,3.3160025355989236,1,1,26.55,adult
0,3,male,34.0,0,0,8.05,S,man,Unknown,Southampton,True,0,0,0,2.2027647577118348,1,1,8.05,young_adult
0,1,male,47.0,0,0,38.5,S,man,E,Southampton,True,1,0,0,3.676300671907076,1,1,38.5,adult
0,2,male,48.0,0,0,13.0,S,man,Unknown,Southampton,True,0,0,0,2.6390573296152584,1,1,13.0,adult
0,3,male,27.0,0,0,8.05,S,man,Unknown,Southampton,True,0,1,0,2.2027647577118348,1,1,8.05,young_adult
0,3,male,38.0,0,0,7.05,S,man,Unknown,Southampton,True,0,0,0,2.085672091430472,1,1,7.05,adult
0,2,male,31.0,0,0,0.0,S,man,Unknown,Southampton,True,0,1,1,0.0,1,1,0.0,young_adult
0,1,male,56.0,0,0,26.55,S,man,Unknown,Southampton,True,0,0,0,3.3160025355989236,1,1,26.55,adult
0,3,male,27.0,0,0,7.725,Q,man,Unknown,Queenstown,True,0,1,0,2.1661924680884908,1,1,7.725,young_adult
1,3,female,0.75,2,1,19.2583,C,child,Unknown,Cherbourg,False,0,0,0,3.0085645861193133,4,0,4.814575,child
0,3,male,27.0,0,0,7.25,S,man,Unknown,Southampton,True,0,1,0,2.1102132003465894,1,1,7.25,young_adult
0,3,male,38.0,0,0,8.6625,S,man,Unknown,Southampton,True,0,0,0,2.2682524139135403,1,1,8.6625,adult
1,2,female,33.0,1,2,27.75,S,woman,Unknown,Southampton,False,0,0,0,3.3586377672433594,4,0,6.9375,young_adult
1,2,female,23.0,0,0,13.7917,C,woman,D,Cherbourg,True,1,0,0,2.694066212646058,1,1,13.7917,young_adult
0,3,female,22.0,0,0,9.8375,S,woman,Unknown,Southampton,True,0,0,0,2.3830123421066602,1,1,9.8375,young_adult
0,1,male,42.0,0,0,52.0,S,man,A,Southampton,True,1,1,0,3.970291913552122,1,1,52.0,adult
0,2,male,34.0,1,0,21.0,S,man,Unknown,Southampton,False,0,0,0,3.091042453358316,2,0,10.5,young_adult
0,3,male,29.0,1,0,7.0458,S,man,Unknown,Southampton,False,0,0,0,2.0851502161468174,2,0,3.5229,young_adult
0,3,male,22.0,0,0,7.5208,S,man,Unknown,Southampton,True,0,0,0,2.142510233146819,1,1,7.5208,young_adult
1,3,female,2.0,0,1,12.2875,S,child,Unknown,Southampton,False,0,0,0,2.586823743668066,2,0,6.14375,child
0,3,male,9.0,5,2,46.9,S,child,Unknown,Southampton,False,0,0,0,3.8691155044168695,8,0,5.8625,child
0,2,male,31.0,0,0,0.0,S,man,Unknown,Southampton,True,0,1,1,0.0,1,1,0.0,young_adult
0,3,male,50.0,0,0,8.05,S,man,Unknown,Southampton,True,0,0,0,2.2027647577118348,1,1,8.05,adult
1,3,female,63.0,0,0,9.5875,S,woman,Unknown,Southampton,True,0,0,0,2.3596740599781727,1,1,9.5875,senior
1,1,male,25.0,1,0,91.0792,C,man,B,Cherbourg,False,1,0,0,4.5226490762785785,2,0,45.5396,young_adult
0,3,female,26.0,3,1,25.4667,S,woman,Unknown,Southampton,False,0,1,0,3.275887339030031,5,0,5.0933399999999995,young_adult
1,1,female,35.0,1,0,90.0,S,woman,C,Southampton,False,1,0,0,4.51085950651685,2,0,45.0,young_adult
0,1,male,58.0,0,0,29.7,C,man,B,Cherbourg,True,1,0,0,3.4242626545931514,1,1,29.7,adult
0,3,male,30.0,0,0,8.05,S,man,Unknown,Southampton,True,0,0,0,2.2027647577118348,1,1,8.05,young_adult
1,3,male,9.0,1,1,15.9,S,child,Unknown,Southampton,False,0,0,0,2.827313621929028,3,0,5.3,child
0,3,male,27.0,1,0,19.9667,S,man,Unknown,Southampton,False,0,1,0,3.0429354648621407,2,0,9.98335,young_adult
0,3,male,21.0,0,0,7.25,S,man,Unknown,Southampton,True,0,0,0,2.1102132003465894,1,1,7.25,young_adult
0,1,male,55.0,0,0,30.5,S,man,C,Southampton,True,1,0,0,3.449987545831587,1,1,30.5,adult
0,1,male,71.0,0,0,49.5042,C,man,Unknown,Cherbourg,True,0,0,0,3.922056501139853,1,1,49.5042,senior
0,3,male,21.0,0,0,8.05,S,man,Unknown,Southampton,True,0,0,0,2.2027647577118348,1,1,8.05,young_adult
0,3,male,27.0,0,0,14.4583,C,man,Unknown,Cherbourg,True,0,1,0,2.738146075922933,1,1,14.4583,young_adult
1,1,female,54.0,1,0,78.2667,C,woman,D,Cherbourg,False,1,0,0,4.37281811610993,2,0,39.13335,adult
0,3,male,27.0,0,0,15.1,S,man,Unknown,Southampton,True,0,1,0,2.7788192719904172,1,1,15.1,young_adult
0,1,female,25.0,1,2,151.55,S,woman,C,Southampton,False,1,0,0,5.027492411162679,4,0,37.8875,young_adult
0,3,male,24.0,0,0,7.7958,S,man,Unknown,Southampton,True,0,0,0,2.174274334826008,1,1,7.7958,young_adult
0,3,male,17.0,0,0,8.6625,S,man,Unknown,Southampton,True,0,0,0,2.2682524139135403,1,1,8.6625,teen
0,3,female,21.0,0,0,7.75,Q,woman,Unknown,Queenstown,True,0,0,0,2.169053700369523,1,1,7.75,young_adult
0,3,female,26.0,0,0,7.6292,Q,woman,Unknown,Queenstown,True,0,1,0,2.155151800914312,1,1,7.6292,young_adult
0,3,female,37.0,0,0,9.5875,S,woman,Unknown,Southampton,True,0,0,0,2.3596740599781727,1,1,9.5875,adult
1,1,female,16.0,0,0,86.5,S,woman,B,Southampton,True,1,0,0,4.471638793363569,1,1,86.5,teen
0,1,male,18.0,1,0,108.9,C,man,C,Cherbourg,False,1,0,0,4.699570861409576,2,0,54.45,teen
1,2,female,33.0,0,2,26.0,S,woman,Unknown,Southampton,False,0,0,0,3.295836866004329,3,0,8.666666666666666,young_adult
1,1,male,42.0,0,0,26.55,S,man,Unknown,Southampton,True,0,1,0,3.3160025355989236,1,1,26.55,adult
0,3,male,28.0,0,0,22.525,S,man,Unknown,Southampton,True,0,0,0,3.1580636854714434,1,1,22.525,young_adult
1,3,male,26.0,0,0,56.4958,S,man,Unknown,Southampton,True,0,0,0,4.05171190165724,1,1,56.4958,young_adult
1,3,male,29.0,0,0,7.75,Q,man,Unknown,Queenstown,True,0,0,0,2.169053700369523,1,1,7.75,young_adult
0,3,male,27.0,0,0,8.05,S,man,Unknown,Southampton,True,0,1,0,2.2027647577118348,1,1,8.05,young_adult
1,1,male,36.0,0,0,26.2875,S,man,E,Southampton,True,1,0,0,3.3064287218760624,1,1,26.2875,adult
1,1,female,54.0,1,0,59.4,C,woman,Unknown,Cherbourg,False,0,0,0,4.100989104940769,2,0,29.7,adult
0,3,male,24.0,0,0,7.4958,S,man,Unknown,Southampton,True,0,0,0,2.139571923732859,1,1,7.4958,young_adult
0,1,male,47.0,0,0,34.0208,S,man,D,Southampton,True,1,0,0,3.5559421706858756,1,1,34.0208,adult
1,2,female,34.0,0,0,10.5,S,woman,F,Southampton,True,1,0,0,2.4423470353692043,1,1,10.5,young_adult
0,3,male,27.0,0,0,24.15,Q,man,Unknown,Queenstown,True,0,1,0,3.224857896545748,1,1,24.15,young_adult
1,2,female,36.0,1,0,26.0,S,woman,Unknown,Southampton,False,0,0,0,3.295836866004329,2,0,13.0,adult
0,3,male,32.0,0,0,7.8958,S,man,Unknown,Southampton,True,0,0,0,2.1855792552411137,1,1,7.8958,young_adult
1,1,female,30.0,0,0,93.5,S,woman,B,Southampton,True,1,0,0,4.548599834499697,1,1,93.5,young_adult
0,3,male,22.0,0,0,7.8958,S,man,Unknown,Southampton,True,0,0,0,2.1855792552411137,1,1,7.8958,young_adult
0,3,male,27.0,0,0,7.225,C,man,Unknown,Cherbourg,True,0,1,0,2.1071782966514356,1,1,7.225,young_adult
1,1,female,44.0,0,1,57.9792,C,woman,B,Cherbourg,False,1,0,0,4.077184839375167,2,0,28.9896,adult
0,3,male,27.0,0,0,7.2292,C,man,Unknown,Cherbourg,True,0,1,0,2.1076888046179385,1,1,7.2292,young_adult
0,3,male,40.5,0,0,7.75,Q,man,Unknown,Queenstown,True,0,0,0,2.169053700369523,1,1,7.75,adult
1,2,female,50.0,0,0,10.5,S,woman,Unknown,Southampton,True,0,0,0,2.4423470353692043,1,1,10.5,adult
0,1,male,42.0,0,0,221.7792,S,man,C,Southampton,True,1,1,0,5.406181146423973,1,1,221.7792,adult
0,3,male,39.0,0,0,7.925,S,man,Unknown,Southampton,True,0,0,0,2.188856327665703,1,1,7.925,adult
0,2,male,23.0,2,1,11.5,S,man,Unknown,Southampton,False,0,0,0,2.5257286443082556,4,0,2.875,young_adult
1,2,female,2.0,1,1,26.0,S,child,Unknown,Southampton,False,0,0,0,3.295836866004329,3,0,8.666666666666666,child
0,3,male,27.0,0,0,7.2292,C,man,Unknown,Cherbourg,True,0,1,0,2.1076888046179385,1,1,7.2292,young_adult
0,3,male,17.0,1,1,7.2292,C,man,Unknown,Cherbourg,False,0,0,0,2.1076888046179385,3,0,2.409733333333333,teen
1,3,female,26.0,0,2,22.3583,C,woman,Unknown,Cherbourg,False,0,1,0,3.1509523813392697,3,0,7.452766666666666,young_adult
0,3,female,30.0,0,0,8.6625,S,woman,Unknown,Southampton,True,0,0,0,2.2682524139135403,1,1,8.6625,young_adult
1,2,female,7.0,0,2,26.25,S,child,Unknown,Southampton,False,0,0,0,3.305053521109253,3,0,8.75,child
0,1,male,45.0,0,0,26.55,S,man,B,Southampton,True,1,0,0,3.3160025355989236,1,1,26.55,adult
1,1,female,30.0,0,0,106.425,C,woman,Unknown,Cherbourg,True,0,0,0,4.676792929661059,1,1,106.425,young_adult
0,3,male,27.0,0,0,14.5,S,man,Unknown,Southampton,True,0,1,0,2.740840023925201,1,1,14.5,young_adult
1,1,female,22.0,0,2,49.5,C,woman,B,Cherbourg,False,1,0,0,3.9219733362813143,3,0,16.5,young_adult
1,1,female,36.0,0,2,71.0,S,woman,B,Southampton,False,1,0,0,4.276666119016055,3,0,23.666666666666668,adult
0,3,female,9.0,4,2,31.275,S,child,Unknown,Southampton,False,0,0,0,3.4742929367327062,7,0,4.4678571428571425,child
0,3,female,11.0,4,2,31.275,S,child,Unknown,Southampton,False,0,0,0,3.4742929367327062,7,0,4.4678571428571425,child
1,2,male,32.0,1,0,26.0,S,man,Unknown,Southampton,False,0,0,0,3.295836866004329,2,0,13.0,young_adult
0,1,male,50.0,1,0,106.425,C,man,C,Cherbourg,False,1,0,0,4.676792929661059,2,0,53.2125,adult
0,1,male,64.0,0,0,26.0,S,man,Unknown,Southampton,True,0,0,0,3.295836866004329,1,1,26.0,senior
1,2,female,19.0,1,0,26.0,S,woman,Unknown,Southampton,False,0,0,0,3.295836866004329,2,0,13.0,young_adult
1,2,male,31.0,0,0,13.8625,C,man,Unknown,Cherbourg,True,0,1,0,2.6988412620169004,1,1,13.8625,young_adult
0,3,male,33.0,1,1,20.525,S,man,Unknown,Southampton,False,0,0,0,3.0692150503137943,3,0,6.841666666666666,young_adult
1,2,male,8.0,1,1,36.75,S,child,Unknown,Southampton,False,0,0,0,3.6309854756950335,3,0,12.25,child
1,1,male,17.0,0,2,110.8833,C,man,C,Cherbourg,False,1,0,0,4.717456363787216,3,0,36.9611,teen
0,2,male,27.0,0,0,26.0,S,man,Unknown,Southampton,True,0,0,0,3.295836866004329,1,1,26.0,young_adult
0,3,male,27.0,0,0,7.8292,Q,man,Unknown,Queenstown,True,0,1,0,2.17806441028492,1,1,7.8292,young_adult
1,3,male,22.0,0,0,7.225,C,man,Unknown,Cherbourg,True,0,0,0,2.1071782966514356,1,1,7.225,young_adult
1,3,female,22.0,0,0,7.775,S,woman,Unknown,Southampton,True,0,0,0,2.1719067693519296,1,1,7.775,young_adult
0,1,male,62.0,0,0,26.55,S,man,Unknown,Southampton,True,0,0,0,3.3160025355989236,1,1,26.55,senior
1,1,female,48.0,1,0,39.6,C,woman,A,Cherbourg,False,1,0,0,3.703768066607687,2,0,19.8,adult
0,1,male,42.0,0,0,227.525,C,man,Unknown,Cherbourg,True,0,1,0,5.4316456135398825,1,1,227.525,adult
1,1,female,39.0,1,1,79.65,S,woman,E,Southampton,False,1,0,0,4.390118804571218,3,0,26.55,adult
1,3,female,36.0,1,0,17.4,S,woman,Unknown,Southampton,False,0,0,0,2.91235066461494,2,0,8.7,adult
0,3,male,27.0,0,0,7.75,Q,man,Unknown,Queenstown,True,0,1,0,2.169053700369523,1,1,7.75,young_adult
0,3,male,40.0,0,0,7.8958,S,man,Unknown,Southampton,True,0,0,0,2.1855792552411137,1,1,7.8958,adult
0,2,male,28.0,0,0,13.5,S,man,Unknown,Southampton,True,0,0,0,2.6741486494265287,1,1,13.5,young_adult
0,3,male,27.0,0,0,8.05,S,man,Unknown,Southampton,True,0,1,0,2.2027647577118348,1,1,8.05,young_adult
0,3,female,26.0,0,0,8.05,S,woman,Unknown,Southampton,True,0,1,0,2.2027647577118348,1,1,8.05,young_adult
0,3,male,24.0,2,0,24.15,S,man,Unknown,Southampton,False,0,0,0,3.224857896545748,3,0,8.049999999999999,young_adult
0,3,male,19.0,0,0,7.8958,S,man,Unknown,Southampton,True,0,0,0,2.1855792552411137,1,1,7.8958,young_adult
0,3,female,29.0,0,4,21.075,S,woman,Unknown,Southampton,False,0,0,0,3.0944457464900235,5,0,4.215,young_adult
0,3,male,27.0,0,0,7.2292,C,man,Unknown,Cherbourg,True,0,1,0,2.1076888046179385,1,1,7.2292,young_adult
1,3,male,32.0,0,0,7.8542,S,man,Unknown,Southampton,True,0,0,0,2.180891922715322,1,1,7.8542,young_adult
1,2,male,62.0,0,0,10.5,S,man,Unknown,Southampton,True,0,0,0,2.4423470353692043,1,1,10.5,senior
1,1,female,53.0,2,0,51.4792,S,woman,C,Southampton,False,1,0,0,3.960416900617205,3,0,17.15973333333333,adult
1,1,male,36.0,0,0,26.3875,S,man,E,Southampton,True,1,0,0,3.3100867049215847,1,1,26.3875,adult
1,3,female,26.0,0,0,7.75,Q,woman,Unknown,Queenstown,True,0,1,0,2.169053700369523,1,1,7.75,young_adult
0,3,male,16.0,0,0,8.05,S,man,Unknown,Southampton,True,0,0,0,2.2027647577118348,1,1,8.05,teen
0,3,male,19.0,0,0,14.5,S,man,Unknown,Southampton,True,0,0,0,2.740840023925201,1,1,14.5,young_adult
1,2,female,34.0,0,0,13.0,S,woman,Unknown,Southampton,True,0,0,0,2.6390573296152584,1,1,13.0,young_adult
1,1,female,39.0,1,0,55.9,S,woman,E,Southampton,False,1,0,0,4.041295341132285,2,0,27.95,adult
0,3,female,26.0,1,0,14.4583,C,woman,Unknown,Cherbourg,False,0,1,0,2.738146075922933,2,0,7.22915,young_adult
1,3,male,32.0,0,0,7.925,S,man,Unknown,Southampton,True,0,0,0,2.188856327665703,1,1,7.925,young_adult
1,2,female,25.0,1,1,30.0,S,woman,Unknown,Southampton,False,0,0,0,3.4339872044851463,3,0,10.0,young_adult
1,1,female,39.0,1,1,110.8833,C,woman,C,Cherbourg,False,1,0,0,4.717456363787216,3,0,36.9611,adult
0,2,male,54.0,0,0,26.0,S,man,Unknown,Southampton,True,0,0,0,3.295836866004329,1,1,26.0,adult
0,1,male,36.0,0,0,40.125,C,man,A,Cherbourg,True,1,0,0,3.716616209085536,1,1,40.125,adult
0,3,male,27.0,0,0,8.7125,C,man,Unknown,Cherbourg,True,0,1,0,2.2734137156937657,1,1,8.7125,young_adult
1,1,female,18.0,0,2,79.65,S,woman,E,Southampton,False,1,0,0,4.390118804571218,3,0,26.55,teen
0,2,male,47.0,0,0,15.0,S,man,Unknown,Southampton,True,0,0,0,2.772588722239781,1,1,15.0,adult
1,1,male,60.0,1,1,79.2,C,man,B,Cherbourg,False,1,0,0,4.384523514872469,3,0,26.400000000000002,adult
0,3,male,22.0,0,0,8.05,S,man,Unknown,Southampton,True,0,0,0,2.2027647577118348,1,1,8.05,young_adult
0,3,male,27.0,0,0,8.05,S,man,Unknown,Southampton,True,0,1,0,2.2027647577118348,1,1,8.05,young_adult
0,3,male,35.0,0,0,7.125,S,man,Unknown,Southampton,True,0,0,0,2.094945728215801,1,1,7.125,young_adult
1,1,female,52.0,1,0,78.2667,C,woman,D,Cherbourg,False,1,0,0,4.37281811610993,2,0,39.13335,adult
0,3,male,47.0,0,0,7.25,S,man,Unknown,Southampton,True,0,0,0,2.1102132003465894,1,1,7.25,adult
0,3,female,26.0,0,2,7.75,Q,woman,Unknown,Queenstown,False,0,1,0,2.169053700369523,3,0,2.5833333333333335,young_adult
0,2,male,37.0,1,0,26.0,S,man,Unknown,Southampton,False,0,0,0,3.295836866004329,2,0,13.0,adult
0,3,male,36.0,1,1,24.15,S,man,Unknown,Southampton,False,0,0,0,3.224857896545748,3,0,8.049999999999999,adult
1,2,female,30.0,0,0,33.0,S,woman,Unknown,Southampton,True,0,1,0,3.5263605246161616,1,1,33.0,young_adult
0,3,male,49.0,0,0,0.0,S,man,Unknown,Southampton,True,0,0,1,0.0,1,1,0.0,adult
0,3,male,27.0,0,0,7.225,C,man,Unknown,Cherbourg,True,0,1,0,2.1071782966514356,1,1,7.225,young_adult
1,1,male,49.0,1,0,56.9292,C,man,A,Cherbourg,False,1,0,0,4.0592215752427645,2,0,28.4646,adult
1,2,female,24.0,2,1,27.0,S,woman,Unknown,Southampton,False,0,0,0,3.332204510175204,4,0,6.75,young_adult
0,3,male,27.0,0,0,7.8958,S,man,Unknown,Southampton,True,0,1,0,2.1855792552411137,1,1,7.8958,young_adult
0,1,male,42.0,0,0,42.4,S,man,Unknown,Southampton,True,0,1,0,3.770459441106359,1,1,42.4,adult
0,3,male,44.0,0,0,8.05,S,man,Unknown,Southampton,True,0,0,0,2.2027647577118348,1,1,8.05,adult
1,1,male,35.0,0,0,26.55,C,man,Unknown,Cherbourg,True,0,0,0,3.3160025355989236,1,1,26.55,young_adult
0,3,male,36.0,1,0,15.55,S,man,Unknown,Southampton,False,0,0,0,2.806386101823072,2,0,7.775,adult
0,3,male,30.0,0,0,7.8958,S,man,Unknown,Southampton,True,0,0,0,2.1855792552411137,1,1,7.8958,young_adult
1,1,male,27.0,0,0,30.5,S,man,Unknown,Southampton,True,0,0,0,3.449987545831587,1,1,30.5,young_adult
1,2,female,22.0,1,2,41.5792,C,woman,Unknown,Cherbourg,False,0,0,0,3.7513658711253766,4,0,10.3948,young_adult
1,1,female,40.0,0,0,153.4625,S,woman,C,Southampton,True,1,0,0,5.039951348430309,1,1,153.4625,adult
0,3,female,39.0,1,5,31.275,S,woman,Unknown,Southampton,False,0,0,0,3.4742929367327062,7,0,4.4678571428571425,adult
0,3,male,27.0,0,0,7.05,S,man,Unknown,Southampton,True,0,1,0,2.085672091430472,1,1,7.05,young_adult
1,3,female,26.0,1,0,15.5,Q,woman,Unknown,Queenstown,False,0,1,0,2.803360380906535,2,0,7.75,young_adult
0,3,male,27.0,0,0,7.75,Q,man,Unknown,Queenstown,True,0,1,0,2.169053700369523,1,1,7.75,young_adult
0,3,male,35.0,0,0,8.05,S,man,Unknown,Southampton,True,0,0,0,2.2027647577118348,1,1,8.05,young_adult
1,2,female,24.0,1,2,65.0,S,woman,Unknown,Southampton,False,0,0,0,4.189654742026425,4,0,16.25,young_adult
0,3,male,34.0,1,1,14.4,S,man,Unknown,Southampton,False,0,0,0,2.7343675094195836,3,0,4.8,young_adult
0,3,female,26.0,1,0,16.1,S,woman,Unknown,Southampton,False,0,0,0,2.8390784635086144,2,0,8.05,young_adult
1,2,female,4.0,2,1,39.0,S,child,F,Southampton,False,1,0,0,3.6888794541139363,4,0,9.75,child
0,2,male,26.0,0,0,10.5,S,man,Unknown,Southampton,True,0,0,0,2.4423470353692043,1,1,10.5,young_adult
0,3,male,27.0,1,0,14.4542,C,man,Unknown,Cherbourg,False,0,0,0,2.737880811060884,2,0,7.2271,young_adult
1,1,male,42.0,1,0,52.5542,S,man,D,Southampton,False,1,0,0,3.9806942251907276,2,0,26.2771,adult
1,3,male,20.0,1,1,15.7417,C,man,Unknown,Cherbourg,False,0,0,0,2.817902613071225,3,0,5.247233333333333,young_adult
0,3,male,21.0,0,0,7.8542,S,man,Unknown,Southampton,True,0,0,0,2.180891922715322,1,1,7.8542,young_adult
0,3,male,21.0,0,0,16.1,S,man,Unknown,Southampton,True,0,0,0,2.8390784635086144,1,1,16.1,young_adult
0,1,male,61.0,0,0,32.3208,S,man,D,Southampton,True,1,0,0,3.5061818266142577,1,1,32.3208,senior
0,2,male,57.0,0,0,12.35,Q,man,Unknown,Queenstown,True,0,0,0,2.5915163848462583,1,1,12.35,adult
1,1,female,21.0,0,0,77.9583,S,woman,D,Southampton,True,1,0,0,4.368919865004903,1,1,77.9583,young_adult
0,3,male,26.0,0,0,7.8958,S,man,Unknown,Southampton,True,0,0,0,2.1855792552411137,1,1,7.8958,young_adult
0,3,male,27.0,0,0,7.7333,Q,man,Unknown,Queenstown,True,0,1,0,2.167143305297764,1,1,7.7333,young_adult
1,1,male,80.0,0,0,30.0,S,man,A,Southampton,True,1,0,0,3.4339872044851463,1,1,30.0,senior
0,3,male,51.0,0,0,7.0542,S,man,Unknown,Southampton,True,0,0,0,2.086193694502369,1,1,7.0542,adult
1,1,male,32.0,0,0,30.5,C,man,B,Cherbourg,True,1,0,0,3.449987545831587,1,1,30.5,young_adult
0,1,male,42.0,0,0,0.0,S,man,Unknown,Southampton,True,0,1,1,0.0,1,1,0.0,adult
0,3,female,9.0,3,2,27.9,S,child,Unknown,Southampton,False,0,0,0,3.3638415951183864,6,0,4.6499999999999995,child
1,2,female,28.0,0,0,13.0,S,woman,Unknown,Southampton,True,0,0,0,2.6390573296152584,1,1,13.0,young_adult
0,3,male,32.0,0,0,7.925,S,man,Unknown,Southampton,True,0,0,0,2.188856327665703,1,1,7.925,young_adult
0,2,male,31.0,1,1,26.25,S,man,Unknown,Southampton,False,0,0,0,3.305053521109253,3,0,8.75,young_adult
0,3,female,41.0,0,5,39.6875,S,woman,Unknown,Southampton,False,0,0,0,3.705920919968788,6,0,6.614583333333333,adult
0,3,male,27.0,1,0,16.1,S,man,Unknown,Southampton,False,0,1,0,2.8390784635086144,2,0,8.05,young_adult
0,3,male,20.0,0,0,7.8542,S,man,Unknown,Southampton,True,0,0,0,2.180891922715322,1,1,7.8542,young_adult
1,1,female,24.0,0,0,69.3,C,woman,B,Cherbourg,True,1,0,0,4.252771798816619,1,1,69.3,young_adult
0,3,female,2.0,3,2,27.9,S,child,Unknown,Southampton,False,0,0,0,3.3638415951183864,6,0,4.6499999999999995,child
1,3,male,27.0,0,0,56.4958,S,man,Unknown,Southampton,True,0,1,0,4.05171190165724,1,1,56.4958,young_adult
1,3,female,0.75,2,1,19.2583,C,child,Unknown,Cherbourg,False,0,0,0,3.0085645861193133,4,0,4.814575,child
1,1,male,48.0,1,0,76.7292,C,man,D,Cherbourg,False,1,0,0,4.353230991152628,2,0,38.3646,adult
0,3,male,19.0,0,0,7.8958,S,man,Unknown,Southampton,True,0,0,0,2.1855792552411137,1,1,7.8958,young_adult
1,1,male,56.0,0,0,35.5,C,man,A,Cherbourg,True,1,0,0,3.597312260588446,1,1,35.5,adult
0,3,male,27.0,0,0,7.55,S,man,Unknown,Southampton,True,0,1,0,2.145931282948669,1,1,7.55,young_adult
1,3,female,23.0,0,0,7.55,S,woman,Unknown,Southampton,True,0,0,0,2.145931282948669,1,1,7.55,young_adult
0,3,male,27.0,0,0,7.8958,S,man,Unknown,Southampton,True,0,1,0,2.1855792552411137,1,1,7.8958,young_adult
1,2,female,18.0,0,1,23.0,S,woman,Unknown,Southampton,False,0,0,0,3.1780538303479458,2,0,11.5,teen
0,3,male,21.0,0,0,8.4333,S,man,Unknown,Southampton,True,0,0,0,2.2442459824059346,1,1,8.4333,young_adult
1,3,female,26.0,0,0,7.8292,Q,woman,Unknown,Queenstown,True,0,1,0,2.17806441028492,1,1,7.8292,young_adult
0,3,female,18.0,0,0,6.75,Q,woman,Unknown,Queenstown,True,0,0,0,2.0476928433652555,1,1,6.75,teen
0,2,male,24.0,2,0,73.5,S,man,Unknown,Southampton,False,0,0,0,4.310799125385514,3,0,24.5,young_adult
0,3,male,27.0,0,0,7.8958,S,man,Unknown,Southampton,True,0,1,0,2.1855792552411137,1,1,7.8958,young_adult
0,3,female,32.0,1,1,15.5,Q,woman,Unknown,Queenstown,False,0,0,0,2.803360380906535,3,0,5.166666666666667,young_adult
0,2,male,23.0,0,0,13.0,S,man,Unknown,Southampton,True,0,0,0,2.6390573296152584,1,1,13.0,young_adult
0,1,male,58.0,0,2,113.275,C,man,D,Cherbourg,False,1,0,0,4.738607824217808,3,0,37.75833333333333,adult
1,1,male,50.0,2,0,133.65,S,man,Unknown,Southampton,False,0,0,0,4.902678819257608,3,0,44.550000000000004,adult
0,3,male,40.0,0,0,7.225,C,man,Unknown,Cherbourg,True,0,0,0,2.1071782966514356,1,1,7.225,adult
0,1,male,47.0,0,0,25.5875,S,man,E,Southampton,True,1,0,0,3.2804411805263554,1,1,25.5875,adult
0,3,male,36.0,0,0,7.4958,S,man,Unknown,Southampton,True,0,0,0,2.139571923732859,1,1,7.4958,adult
1,3,male,20.0,1,0,7.925,S,man,Unknown,Southampton,False,0,0,0,2.188856327665703,2,0,3.9625,young_adult
0,2,male,32.0,2,0,73.5,S,man,Unknown,Southampton,False,0,0,0,4.310799125385514,3,0,24.5,young_adult
0,2,male,25.0,0,0,13.0,S,man,Unknown,Southampton,True,0,0,0,2.6390573296152584,1,1,13.0,young_adult
0,3,male,27.0,0,0,7.775,S,man,Unknown,Southampton,True,0,1,0,2.1719067693519296,1,1,7.775,young_adult
0,3,male,43.0,0,0,8.05,S,man,Unknown,Southampton,True,0,0,0,2.2027647577118348,1,1,8.05,adult
1,1,female,35.0,1,0,52.0,S,woman,C,Southampton,False,1,1,0,3.970291913552122,2,0,26.0,young_adult
1,2,female,40.0,1,1,39.0,S,woman,Unknown,Southampton,False,0,0,0,3.6888794541139363,3,0,13.0,adult
0,1,male,31.0,1,0,52.0,S,man,B,Southampton,False,1,0,0,3.970291913552122,2,0,26.0,young_adult
0,2,male,70.0,0,0,10.5,S,man,Unknown,Southampton,True,0,0,0,2.4423470353692043,1,1,10.5,senior
1,2,male,31.0,0,0,13.0,S,man,Unknown,Southampton,True,0,0,0,2.6390573296152584,1,1,13.0,young_adult
0,2,male,31.0,0,0,0.0,S,man,Unknown,Southampton,True,0,1,1,0.0,1,1,0.0,young_adult
0,3,male,18.0,0,0,7.775,S,man,Unknown,Southampton,True,0,0,0,2.1719067693519296,1,1,7.775,teen
0,3,male,24.5,0,0,8.05,S,man,Unknown,Southampton,True,0,0,0,2.2027647577118348,1,1,8.05,young_adult
1,3,female,18.0,0,0,9.8417,S,woman,Unknown,Southampton,True,0,0,0,2.3833998102837652,1,1,9.8417,teen
0,3,female,43.0,1,6,46.9,S,woman,Unknown,Southampton,False,0,0,0,3.8691155044168695,8,0,5.8625,adult
1,1,male,36.0,0,1,512.3292,C,man,B,Cherbourg,False,1,0,0,6.240917354759096,2,0,256.1646,adult
0,3,female,26.0,0,0,8.1375,Q,woman,Unknown,Queenstown,True,0,1,0,2.212386825075897,1,1,8.1375,young_adult
1,1,male,27.0,0,0,76.7292,C,man,D,Cherbourg,True,1,0,0,4.353230991152628,1,1,76.7292,young_adult
0,3,male,20.0,0,0,9.225,S,man,Unknown,Southampton,True,0,0,0,2.3248357019288655,1,1,9.225,young_adult
0,3,male,14.0,5,2,46.9,S,child,Unknown,Southampton,False,0,0,0,3.8691155044168695,8,0,5.8625,teen
0,2,male,60.0,1,1,39.0,S,man,Unknown,Southampton,False,0,0,0,3.6888794541139363,3,0,13.0,adult
0,2,male,25.0,1,2,41.5792,C,man,Unknown,Cherbourg,False,0,0,0,3.7513658711253766,4,0,10.3948,young_adult
0,3,male,14.0,4,1,39.6875,S,child,Unknown,Southampton,False,0,0,0,3.705920919968788,6,0,6.614583333333333,teen
0,3,male,19.0,0,0,10.1708,S,man,Unknown,Southampton,True,0,0,0,2.4133032309283076,1,1,10.1708,young_adult
0,3,male,18.0,0,0,7.7958,S,man,Unknown,Southampton,True,0,0,0,2.174274334826008,1,1,7.7958,teen
1,1,female,15.0,0,1,211.3375,S,child,B,Southampton,False,1,0,0,5.35817698994543,2,0,105.66875,teen
1,1,male,31.0,1,0,57.0,S,man,B,Southampton,False,1,0,0,4.060443010546419,2,0,28.5,young_adult
1,3,female,4.0,0,1,13.4167,C,child,Unknown,Cherbourg,False,0,0,0,2.668387256845834,2,0,6.70835,child
1,3,male,27.0,0,0,56.4958,S,man,Unknown,Southampton,True,0,1,0,4.05171190165724,1,1,56.4958,young_adult
0,3,male,25.0,0,0,7.225,C,man,Unknown,Cherbourg,True,0,0,0,2.1071782966514356,1,1,7.225,young_adult
0,1,male,60.0,0,0,26.55,S,man,Unknown,Southampton,True,0,0,0,3.3160025355989236,1,1,26.55,adult
0,2,male,52.0,0,0,13.5,S,man,Unknown,Southampton,True,0,0,0,2.6741486494265287,1,1,13.5,adult
0,3,male,44.0,0,0,8.05,S,man,Unknown,Southampton,True,0,0,0,2.2027647577118348,1,1,8.05,adult
1,3,female,26.0,0,0,7.7333,Q,woman,Unknown,Queenstown,True,0,1,0,2.167143305297764,1,1,7.7333,young_adult
0,1,male,49.0,1,1,110.8833,C,man,C,Cherbourg,False,1,0,0,4.717456363787216,3,0,36.9611,adult
0,3,male,42.0,0,0,7.65,S,man,F,Southampton,True,1,0,0,2.157559320943788,1,1,7.65,adult
1,1,female,18.0,1,0,227.525,C,woman,C,Cherbourg,False,1,0,0,5.4316456135398825,2,0,113.7625,teen
1,1,male,35.0,0,0,26.2875,S,man,E,Southampton,True,1,0,0,3.3064287218760624,1,1,26.2875,young_adult
0,3,female,18.0,0,1,14.4542,C,woman,Unknown,Cherbourg,False,0,0,0,2.737880811060884,2,0,7.2271,teen
0,3,male,25.0,0,0,7.7417,Q,man,Unknown,Queenstown,True,0,0,0,2.1681046787623672,1,1,7.7417,young_adult
0,3,male,26.0,1,0,7.8542,S,man,Unknown,Southampton,False,0,0,0,2.180891922715322,2,0,3.9271,young_adult
0,2,male,39.0,0,0,26.0,S,man,Unknown,Southampton,True,0,0,0,3.295836866004329,1,1,26.0,adult
1,2,female,45.0,0,0,13.5,S,woman,Unknown,Southampton,True,0,0,0,2.6741486494265287,1,1,13.5,adult
1,1,male,42.0,0,0,26.2875,S,man,E,Southampton,True,1,0,0,3.3064287218760624,1,1,26.2875,adult
1,1,female,22.0,0,0,151.55,S,woman,Unknown,Southampton,True,0,0,0,5.027492411162679,1,1,151.55,young_adult
1,3,male,27.0,1,1,15.2458,C,man,Unknown,Cherbourg,False,0,1,0,2.7878344138303452,3,0,5.081933333333333,young_adult
1,1,female,24.0,0,0,49.5042,C,woman,C,Cherbourg,True,1,0,0,3.922056501139853,1,1,49.5042,young_adult
0,1,male,42.0,0,0,26.55,S,man,C,Southampton,True,1,1,0,3.3160025355989236,1,1,26.55,adult
1,1,male,48.0,1,0,52.0,S,man,C,Southampton,False,1,0,0,3.970291913552122,2,0,26.0,adult
0,3,male,29.0,0,0,9.4833,S,man,Unknown,Southampton,True,0,0,0,2.3497835148230464,1,1,9.4833,young_adult
0,2,male,52.0,0,0,13.0,S,man,Unknown,Southampton,True,0,0,0,2.6390573296152584,1,1,13.0,adult
0,3,male,19.0,0,0,7.65,S,man,F,Southampton,True,1,0,0,2.157559320943788,1,1,7.65,young_adult
1,1,female,38.0,0,0,227.525,C,woman,C,Cherbourg,True,1,0,0,5.4316456135398825,1,1,227.525,adult
1,2,female,27.0,0,0,10.5,S,woman,E,Southampton,True,1,0,0,2.4423470353692043,1,1,10.5,young_adult
0,3,male,27.0,0,0,15.5,Q,man,Unknown,Queenstown,True,0,1,0,2.803360380906535,1,1,15.5,young_adult
0,3,male,33.0,0,0,7.775,S,man,Unknown,Southampton,True,0,0,0,2.1719067693519296,1,1,7.775,young_adult
1,2,female,6.0,0,1,33.0,S,child,Unknown,Southampton,False,0,0,0,3.5263605246161616,2,0,16.5,child
0,3,male,17.0,1,0,7.0542,S,man,Unknown,Southampton,False,0,0,0,2.086193694502369,2,0,3.5271,teen
0,2,male,34.0,0,0,13.0,S,man,Unknown,Southampton,True,0,0,0,2.6390573296152584,1,1,13.0,young_adult
0,2,male,50.0,0,0,13.0,S,man,Unknown,Southampton,True,0,0,0,2.6390573296152584,1,1,13.0,adult
1,1,male,27.0,1,0,53.1,S,man,E,Southampton,False,1,0,0,3.9908341858524357,2,0,26.55,young_adult
0,3,male,20.0,0,0,8.6625,S,man,Unknown,Southampton,True,0,0,0,2.2682524139135403,1,1,8.6625,young_adult
1,2,female,30.0,3,0,21.0,S,woman,Unknown,Southampton,False,0,0,0,3.091042453358316,4,0,5.25,young_adult
1,3,female,26.0,0,0,7.7375,Q,woman,Unknown,Queenstown,True,0,1,0,2.1676241075599285,1,1,7.7375,young_adult
0,2,male,25.0,1,0,26.0,S,man,Unknown,Southampton,False,0,0,0,3.295836866004329,2,0,13.0,young_adult
0,3,female,25.0,1,0,7.925,S,woman,Unknown,Southampton,False,0,0,0,2.188856327665703,2,0,3.9625,young_adult
1,1,female,29.0,0,0,211.3375,S,woman,B,Southampton,True,1,0,0,5.35817698994543,1,1,211.3375,young_adult
0,3,male,11.0,0,0,18.7875,C,child,Unknown,Cherbourg,True,0,0,0,2.9850504252071306,1,1,18.7875,child
0,2,male,31.0,0,0,0.0,S,man,Unknown,Southampton,True,0,1,1,0.0,1,1,0.0,young_adult
0,2,male,23.0,0,0,13.0,S,man,Unknown,Southampton,True,0,0,0,2.6390573296152584,1,1,13.0,young_adult
0,2,male,23.0,0,0,13.0,S,man,Unknown,Southampton,True,0,0,0,2.6390573296152584,1,1,13.0,young_adult
0,3,male,28.5,0,0,16.1,S,man,Unknown,Southampton,True,0,0,0,2.8390784635086144,1,1,16.1,young_adult
0,3,female,48.0,1,3,34.375,S,woman,Unknown,Southampton,False,0,0,0,3.5660053559634015,5,0,6.875,adult
1,1,male,35.0,0,0,512.3292,C,man,B,Cherbourg,True,1,0,0,6.240917354759096,1,1,512.3292,young_adult
0,3,male,27.0,0,0,7.8958,S,man,Unknown,Southampton,True,0,1,0,2.1855792552411137,1,1,7.8958,young_adult
0,3,male,27.0,0,0,7.8958,S,man,Unknown,Southampton,True,0,1,0,2.1855792552411137,1,1,7.8958,young_adult
1,1,male,42.0,0,0,30.0,S,man,D,Southampton,True,1,1,0,3.4339872044851463,1,1,30.0,adult
0,1,male,36.0,1,0,78.85,S,man,C,Southampton,False,1,0,0,4.380149874661021,2,0,39.425,adult
1,1,female,21.0,2,2,262.375,C,woman,B,Cherbourg,False,1,0,0,5.5735788721243535,5,0,52.475,young_adult
0,3,male,24.0,1,0,16.1,S,man,Unknown,Southampton,False,0,0,0,2.8390784635086144,2,0,8.05,young_adult
1,3,male,31.0,0,0,7.925,S,man,Unknown,Southampton,True,0,0,0,2.188856327665703,1,1,7.925,young_adult
0,1,male,70.0,1,1,71.0,S,man,B,Southampton,False,1,0,0,4.276666119016055,3,0,23.666666666666668,senior
0,3,male,16.0,1,1,20.25,S,man,Unknown,Southampton,False,0,0,0,3.056356895370426,3,0,6.75,teen
1,2,female,30.0,0,0,13.0,S,woman,Unknown,Southampton,True,0,0,0,2.6390573296152584,1,1,13.0,young_adult
0,1,male,19.0,1,0,53.1,S,man,D,Southampton,False,1,0,0,3.9908341858524357,2,0,26.55,young_adult
0,3,male,31.0,0,0,7.75,Q,man,Unknown,Queenstown,True,0,0,0,2.169053700369523,1,1,7.75,young_adult
1,2,female,4.0,1,1,23.0,S,child,Unknown,Southampton,False,0,0,0,3.1780538303479458,3,0,7.666666666666667,child
1,3,male,6.0,0,1,12.475,S,child,E,Southampton,False,1,0,0,2.600836116795061,2,0,6.2375,child
0,3,male,33.0,0,0,9.5,S,man,Unknown,Southampton,True,0,0,0,2.3513752571634776,1,1,9.5,young_adult
0,3,male,23.0,0,0,7.8958,S,man,Unknown,Southampton,True,0,0,0,2.1855792552411137,1,1,7.8958,young_adult
1,2,female,48.0,1,2,65.0,S,woman,Unknown,Southampton,False,0,0,0,4.189654742026425,4,0,16.25,adult
1,2,male,0.67,1,1,14.5,S,child,Unknown,Southampton,False,0,0,0,2.740840023925201,3,0,4.833333333333333,child
0,3,male,28.0,0,0,7.7958,S,man,Unknown,Southampton,True,0,0,0,2.174274334826008,1,1,7.7958,young_adult
0,2,male,18.0,0,0,11.5,S,man,Unknown,Southampton,True,0,0,0,2.5257286443082556,1,1,11.5,teen
0,3,male,34.0,0,0,8.05,S,man,Unknown,Southampton,True,0,0,0,2.2027647577118348,1,1,8.05,young_adult
1,1,female,33.0,0,0,86.5,S,woman,B,Southampton,True,1,0,0,4.471638793363569,1,1,86.5,young_adult
0,3,male,27.0,0,0,14.5,S,man,Unknown,Southampton,True,0,1,0,2.740840023925201,1,1,14.5,young_adult
0,3,male,41.0,0,0,7.125,S,man,Unknown,Southampton,True,0,0,0,2.094945728215801,1,1,7.125,adult
1,3,male,20.0,0,0,7.2292,C,man,Unknown,Cherbourg,True,0,0,0,2.1076888046179385,1,1,7.2292,young_adult
1,1,female,36.0,1,2,120.0,S,woman,B,Southampton,False,1,0,0,4.795790545596741,4,0,30.0,adult
0,3,male,16.0,0,0,7.775,S,man,Unknown,Southampton,True,0,0,0,2.1719067693519296,1,1,7.775,teen
1,1,female,51.0,1,0,77.9583,S,woman,D,Southampton,False,1,0,0,4.368919865004903,2,0,38.97915,adult
0,1,male,42.0,0,0,39.6,C,man,Unknown,Cherbourg,True,0,1,0,3.703768066607687,1,1,39.6,adult
0,3,female,30.5,0,0,7.75,Q,woman,Unknown,Queenstown,True,0,0,0,2.169053700369523,1,1,7.75,young_adult
0,3,male,27.0,1,0,24.15,Q,man,Unknown,Queenstown,False,0,1,0,3.224857896545748,2,0,12.075,young_adult
0,3,male,32.0,0,0,8.3625,S,man,Unknown,Southampton,True,0,0,0,2.236712348843338,1,1,8.3625,young_adult
0,3,male,24.0,0,0,9.5,S,man,Unknown,Southampton,True,0,0,0,2.3513752571634776,1,1,9.5,young_adult
0,3,male,48.0,0,0,7.8542,S,man,Unknown,Southampton,True,0,0,0,2.180891922715322,1,1,7.8542,adult
0,2,female,57.0,0,0,10.5,S,woman,E,Southampton,True,1,0,0,2.4423470353692043,1,1,10.5,adult
0,3,male,27.0,0,0,7.225,C,man,Unknown,Cherbourg,True,0,1,0,2.1071782966514356,1,1,7.225,young_adult
1,2,female,54.0,1,3,23.0,S,woman,Unknown,Southampton,False,0,0,0,3.1780538303479458,5,0,4.6,adult
0,3,male,18.0,0,0,7.75,S,man,Unknown,Southampton,True,0,0,0,2.169053700369523,1,1,7.75,teen
0,3,male,27.0,0,0,7.75,Q,man,F,Queenstown,True,1,1,0,2.169053700369523,1,1,7.75,young_adult
1,3,female,5.0,0,0,12.475,S,child,Unknown,Southampton,True,0,0,0,2.600836116795061,1,1,12.475,child
0,3,male,27.0,0,0,7.7375,Q,man,Unknown,Queenstown,True,0,1,0,2.1676241075599285,1,1,7.7375,young_adult
1,1,female,43.0,0,1,211.3375,S,woman,B,Southampton,False,1,0,0,5.35817698994543,2,0,105.66875,adult
1,3,female,13.0,0,0,7.2292,C,child,Unknown,Cherbourg,True,0,0,0,2.1076888046179385,1,1,7.2292,teen
1,1,female,17.0,1,0,57.0,S,woman,B,Southampton,False,1,0,0,4.060443010546419,2,0,28.5,teen
0,1,male,29.0,0,0,30.0,S,man,D,Southampton,True,1,0,0,3.4339872044851463,1,1,30.0,young_adult
0,3,male,27.0,1,2,23.45,S,man,Unknown,Southampton,False,0,1,0,3.196630215920881,4,0,5.8625,young_adult
0,3,male,25.0,0,0,7.05,S,man,Unknown,Southampton,True,0,0,0,2.085672091430472,1,1,7.05,young_adult
0,3,male,25.0,0,0,7.25,S,man,Unknown,Southampton,True,0,0,0,2.1102132003465894,1,1,7.25,young_adult
1,3,female,18.0,0,0,7.4958,S,woman,Unknown,Southampton,True,0,0,0,2.139571923732859,1,1,7.4958,teen
0,3,male,8.0,4,1,29.125,Q,child,Unknown,Queenstown,False,0,0,0,3.405355391810819,6,0,4.854166666666667,child
1,3,male,1.0,1,2,20.575,S,child,Unknown,Southampton,False,0,0,0,3.0715352369694915,4,0,5.14375,child
0,1,male,46.0,0,0,79.2,C,man,B,Cherbourg,True,1,0,0,4.384523514872469,1,1,79.2,adult
0,3,male,27.0,0,0,7.75,Q,man,Unknown,Queenstown,True,0,1,0,2.169053700369523,1,1,7.75,young_adult
0,2,male,16.0,0,0,26.0,S,man,Unknown,Southampton,True,0,0,0,3.295836866004329,1,1,26.0,teen
0,3,female,26.0,8,2,69.55,S,woman,Unknown,Southampton,False,0,1,0,4.256321678298823,11,0,6.322727272727272,young_adult
0,1,male,42.0,0,0,30.6958,C,man,Unknown,Cherbourg,True,0,1,0,3.4561841799918147,1,1,30.6958,adult
0,3,male,25.0,0,0,7.8958,S,man,Unknown,Southampton,True,0,0,0,2.1855792552411137,1,1,7.8958,young_adult
0,2,male,39.0,0,0,13.0,S,man,Unknown,Southampton,True,0,0,0,2.6390573296152584,1,1,13.0,adult
1,1,female,49.0,0,0,25.9292,S,woman,D,Southampton,True,1,0,0,3.2932111997353943,1,1,25.9292,adult
1,3,female,31.0,0,0,8.6833,S,woman,Unknown,Southampton,True,0,0,0,2.270402752283094,1,1,8.6833,young_adult
0,3,male,30.0,0,0,7.2292,C,man,Unknown,Cherbourg,True,0,0,0,2.1076888046179385,1,1,7.2292,young_adult
0,3,female,30.0,1,1,24.15,S,woman,Unknown,Southampton,False,0,0,0,3.224857896545748,3,0,8.049999999999999,young_adult
0,2,male,34.0,0,0,13.0,S,man,Unknown,Southampton,True,0,0,0,2.6390573296152584,1,1,13.0,young_adult
1,2,female,31.0,1,1,26.25,S,woman,Unknown,Southampton,False,0,0,0,3.305053521109253,3,0,8.75,young_adult
1,1,male,11.0,1,2,120.0,S,child,B,Southampton,False,1,0,0,4.795790545596741,4,0,30.0,child
1,3,male,0.42,0,1,8.5167,C,child,Unknown,Cherbourg,False,0,0,0,2.2530481500547457,2,0,4.25835,child
1,3,male,27.0,0,0,6.975,S,man,Unknown,Southampton,True,0,0,0,2.076311648670908,1,1,6.975,young_adult
0,3,male,31.0,0,0,7.775,S,man,Unknown,Southampton,True,0,0,0,2.1719067693519296,1,1,7.775,young_adult
0,1,male,39.0,0,0,0.0,S,man,A,Southampton,True,1,0,1,0.0,1,1,0.0,adult
0,3,female,18.0,0,0,7.775,S,woman,Unknown,Southampton,True,0,0,0,2.1719067693519296,1,1,7.775,teen
0,2,male,39.0,0,0,13.0,S,man,Unknown,Southampton,True,0,0,0,2.6390573296152584,1,1,13.0,adult
1,1,female,33.0,1,0,53.1,S,woman,E,Southampton,False,1,0,0,3.9908341858524357,2,0,26.55,young_adult
0,3,male,26.0,0,0,7.8875,S,man,Unknown,Southampton,True,0,0,0,2.1846457951293594,1,1,7.8875,young_adult
0,3,male,39.0,0,0,24.15,S,man,Unknown,Southampton,True,0,0,0,3.224857896545748,1,1,24.15,adult
0,2,male,35.0,0,0,10.5,S,man,Unknown,Southampton,True,0,0,0,2.4423470353692043,1,1,10.5,young_adult
0,3,female,6.0,4,2,31.275,S,child,Unknown,Southampton,False,0,0,0,3.4742929367327062,7,0,4.4678571428571425,child
0,3,male,30.5,0,0,8.05,S,man,Unknown,Southampton,True,0,0,0,2.2027647577118348,1,1,8.05,young_adult
0,1,male,42.0,0,0,0.0,S,man,B,Southampton,True,1,1,1,0.0,1,1,0.0,adult
0,3,female,23.0,0,0,7.925,S,woman,Unknown,Southampton,True,0,0,0,2.188856327665703,1,1,7.925,young_adult
0,2,male,31.0,1,1,37.0042,C,man,Unknown,Cherbourg,False,0,0,0,3.637696679934592,3,0,12.334733333333332,young_adult
0,3,male,43.0,0,0,6.45,S,man,Unknown,Southampton,True,0,0,0,2.0082140323914683,1,1,6.45,adult
0,3,male,10.0,3,2,27.9,S,child,Unknown,Southampton,False,0,0,0,3.3638415951183864,6,0,4.6499999999999995,child
1,1,female,52.0,1,1,93.5,S,woman,B,Southampton,False,1,0,0,4.548599834499697,3,0,31.166666666666668,adult
1,3,male,27.0,0,0,8.6625,S,man,Unknown,Southampton,True,0,0,0,2.2682524139135403,1,1,8.6625,young_adult
0,1,male,38.0,0,0,0.0,S,man,Unknown,Southampton,True,0,0,1,0.0,1,1,0.0,adult
1,3,female,27.0,0,1,12.475,S,woman,E,Southampton,False,1,0,0,2.600836116795061,2,0,6.2375,young_adult
0,3,male,2.0,4,1,39.6875,S,child,Unknown,Southampton,False,0,0,0,3.705920919968788,6,0,6.614583333333333,child
0,3,male,27.0,0,0,6.95,Q,man,Unknown,Queenstown,True,0,1,0,2.0731719286662407,1,1,6.95,young_adult
0,3,male,27.0,0,0,56.4958,S,man,Unknown,Southampton,True,0,1,0,4.05171190165724,1,1,56.4958,young_adult
1,2,male,1.0,0,2,37.0042,C,child,Unknown,Cherbourg,False,0,0,0,3.637696679934592,3,0,12.334733333333332,child
1,3,male,27.0,0,0,7.75,Q,man,Unknown,Queenstown,True,0,1,0,2.169053700369523,1,1,7.75,young_adult
1,1,female,62.0,0,0,80.0,S,woman,B,Southampton,True,1,0,0,4.394449154672439,1,1,80.0,senior
1,3,female,15.0,1,0,14.4542,C,child,Unknown,Cherbourg,False,0,0,0,2.737880811060884,2,0,7.2271,teen
1,2,male,0.83,1,1,18.75,S,child,Unknown,Southampton,False,0,0,0,2.9831534913471307,3,0,6.25,child
0,3,male,27.0,0,0,7.2292,C,man,Unknown,Cherbourg,True,0,1,0,2.1076888046179385,1,1,7.2292,young_adult
0,3,male,23.0,0,0,7.8542,S,man,Unknown,Southampton,True,0,0,0,2.180891922715322,1,1,7.8542,young_adult
0,3,male,18.0,0,0,8.3,S,man,Unknown,Southampton,True,0,0,0,2.2300144001592104,1,1,8.3,teen
1,1,female,39.0,1,1,83.1583,C,woman,E,Cherbourg,False,1,0,0,4.432699549165613,3,0,27.71943333333333,adult
0,3,male,21.0,0,0,8.6625,S,man,Unknown,Southampton,True,0,0,0,2.2682524139135403,1,1,8.6625,young_adult
0,3,male,27.0,0,0,8.05,S,man,Unknown,Southampton,True,0,1,0,2.2027647577118348,1,1,8.05,young_adult
1,3,male,32.0,0,0,56.4958,S,man,Unknown,Southampton,True,0,0,0,4.05171190165724,1,1,56.4958,young_adult
1,1,male,42.0,0,0,29.7,C,man,C,Cherbourg,True,1,1,0,3.4242626545931514,1,1,29.7,adult
0,3,male,20.0,0,0,7.925,S,man,Unknown,Southampton,True,0,0,0,2.188856327665703,1,1,7.925,young_adult
0,2,male,16.0,0,0,10.5,S,man,Unknown,Southampton,True,0,0,0,2.4423470353692043,1,1,10.5,teen
1,1,female,30.0,0,0,31.0,C,woman,Unknown,Cherbourg,True,0,0,0,3.4657359027997265,1,1,31.0,young_adult
0,3,male,34.5,0,0,6.4375,C,man,Unknown,Cherbourg,True,0,0,0,2.006534770871748,1,1,6.4375,young_adult
0,3,male,17.0,0,0,8.6625,S,man,Unknown,Southampton,True,0,0,0,2.2682524139135403,1,1,8.6625,teen
0,3,male,42.0,0,0,7.55,S,man,Unknown,Southampton,True,0,0,0,2.145931282948669,1,1,7.55,adult
0,3,male,27.0,8,2,69.55,S,man,Unknown,Southampton,False,0,1,0,4.256321678298823,11,0,6.322727272727272,young_adult
0,3,male,35.0,0,0,7.8958,C,man,Unknown,Cherbourg,True,0,0,0,2.1855792552411137,1,1,7.8958,young_adult
0,2,male,28.0,0,1,33.0,S,man,Unknown,Southampton,False,0,0,0,3.5263605246161616,2,0,16.5,young_adult
1,1,female,35.0,1,0,89.1042,C,woman,C,Cherbourg,False,1,1,0,4.500966778400217,2,0,44.5521,young_adult
0,3,male,4.0,4,2,31.275,S,child,Unknown,Southampton,False,0,0,0,3.4742929367327062,7,0,4.4678571428571425,child
0,3,male,74.0,0,0,7.775,S,man,Unknown,Southampton,True,0,0,0,2.1719067693519296,1,1,7.775,senior
0,3,female,9.0,1,1,15.2458,C,child,Unknown,Cherbourg,False,0,0,0,2.7878344138303452,3,0,5.081933333333333,child
1,1,female,16.0,0,1,39.4,S,woman,D,Southampton,False,1,0,0,3.698829784967104,2,0,19.7,teen
0,2,female,44.0,1,0,26.0,S,woman,Unknown,Southampton,False,0,0,0,3.295836866004329,2,0,13.0,adult
1,3,female,18.0,0,1,9.35,S,woman,Unknown,Southampton,False,0,0,0,2.336986519711378,2,0,4.675,teen
1,1,female,45.0,1,1,164.8667,S,woman,Unknown,Southampton,False,0,0,0,5.11118445372147,3,0,54.95556666666667,adult
1,1,male,51.0,0,0,26.55,S,man,E,Southampton,True,1,0,0,3.3160025355989236,1,1,26.55,adult
1,3,female,24.0,0,3,19.2583,C,woman,Unknown,Cherbourg,False,0,0,0,3.0085645861193133,4,0,4.814575,young_adult
0,3,male,27.0,0,0,7.2292,C,man,Unknown,Cherbourg,True,0,1,0,2.1076888046179385,1,1,7.2292,young_adult
0,3,male,41.0,2,0,14.1083,S,man,Unknown,Southampton,False,0,0,0,2.7152442616824506,3,0,4.702766666666666,adult
0,2,male,21.0,1,0,11.5,S,man,Unknown,Southampton,False,0,0,0,2.5257286443082556,2,0,5.75,young_adult
1,1,female,48.0,0,0,25.9292,S,woman,D,Southampton,True,1,0,0,3.2932111997353943,1,1,25.9292,adult
0,3,female,26.0,8,2,69.55,S,woman,Unknown,Southampton,False,0,1,0,4.256321678298823,11,0,6.322727272727272,young_adult
0,2,male,24.0,0,0,13.0,S,man,Unknown,Southampton,True,0,0,0,2.6390573296152584,1,1,13.0,young_adult
1,2,female,42.0,0,0,13.0,S,woman,Unknown,Southampton,True,0,0,0,2.6390573296152584,1,1,13.0,adult
1,2,female,27.0,1,0,13.8583,C,woman,Unknown,Cherbourg,False,0,0,0,2.698558631668595,2,0,6.92915,young_adult
0,1,male,31.0,0,0,50.4958,S,man,A,Southampton,True,1,0,0,3.941500250945973,1,1,50.4958,young_adult
0,3,male,27.0,0,0,9.5,S,man,Unknown,Southampton,True,0,1,0,2.3513752571634776,1,1,9.5,young_adult
1,3,male,4.0,1,1,11.1333,S,child,Unknown,Southampton,False,0,0,0,2.495953738718064,3,0,3.7111,child
0,3,male,26.0,0,0,7.8958,S,man,Unknown,Southampton,True,0,0,0,2.1855792552411137,1,1,7.8958,young_adult
1,1,female,47.0,1,1,52.5542,S,woman,D,Southampton,False,1,0,0,3.9806942251907276,3,0,17.518066666666666,adult
0,1,male,33.0,0,0,5.0,S,man,B,Southampton,True,1,0,0,1.791759469228055,1,1,5.0,young_adult
0,3,male,47.0,0,0,9.0,S,man,Unknown,Southampton,True,0,0,0,2.302585092994046,1,1,9.0,adult
1,2,female,28.0,1,0,24.0,C,woman,Unknown,Cherbourg,False,0,0,0,3.2188758248682006,2,0,12.0,young_adult
1,3,female,15.0,0,0,7.225,C,child,Unknown,Cherbourg,True,0,0,0,2.1071782966514356,1,1,7.225,teen
0,3,male,20.0,0,0,9.8458,S,man,Unknown,Southampton,True,0,0,0,2.3837779082709782,1,1,9.8458,young_adult
0,3,male,19.0,0,0,7.8958,S,man,Unknown,Southampton,True,0,0,0,2.1855792552411137,1,1,7.8958,young_adult
0,3,male,27.0,0,0,7.8958,S,man,Unknown,Southampton,True,0,1,0,2.1855792552411137,1,1,7.8958,young_adult
1,1,female,56.0,0,1,83.1583,C,woman,C,Cherbourg,False,1,0,0,4.432699549165613,2,0,41.57915,adult
1,2,female,25.0,0,1,26.0,S,woman,Unknown,Southampton,False,0,0,0,3.295836866004329,2,0,13.0,young_adult
0,3,male,33.0,0,0,7.8958,S,man,Unknown,Southampton,True,0,0,0,2.1855792552411137,1,1,7.8958,young_adult
0,3,female,22.0,0,0,10.5167,S,woman,Unknown,Southampton,True,0,0,0,2.4437981558973862,1,1,10.5167,young_adult
0,2,male,28.0,0,0,10.5,S,man,Unknown,Southampton,True,0,0,0,2.4423470353692043,1,1,10.5,young_adult
0,3,male,25.0,0,0,7.05,S,man,Unknown,Southampton,True,0,0,0,2.085672091430472,1,1,7.05,young_adult
0,3,female,39.0,0,5,29.125,Q,woman,Unknown,Queenstown,False,0,0,0,3.405355391810819,6,0,4.854166666666667,adult
0,2,male,27.0,0,0,13.0,S,man,Unknown,Southampton,True,0,0,0,2.6390573296152584,1,1,13.0,young_adult
1,1,female,19.0,0,0,30.0,S,woman,B,Southampton,True,1,0,0,3.4339872044851463,1,1,30.0,young_adult
0,3,female,26.0,1,2,23.45,S,woman,Unknown,Southampton,False,0,1,0,3.196630215920881,4,0,5.8625,young_adult
1,1,male,26.0,0,0,30.0,C,man,C,Cherbourg,True,1,0,0,3.4339872044851463,1,1,30.0,young_adult
0,3,male,32.0,0,0,7.75,Q,man,Unknown,Queenstown,True,0,0,0,2.169053700369523,1,1,7.75,young_adult
